timeOpen,timeClose,timeHigh,timeLow,priceOpen,priceHigh,priceLow,priceClose,volume
1.75353E+12,1.75362E+12,1.75359E+12,1.75353E+12,"0,006715796828","0,006865782367","0,006714274853","0,006842611523",0
1.75344E+12,1.75353E+12,1.7535E+12,1.75345E+12,"0,006643911641","0,006718620251","0,006642475657","0,006715796828",0
1.75336E+12,1.75344E+12,1.75336E+12,1.75342E+12,"0,006750933166","0,006752793583","0,006642331031","0,006643911641",0
1.75327E+12,1.75336E+12,1.75331E+12,1.75335E+12,"0,007042174606","0,007053935013","0,006749428149","0,006750933166",0
1.75319E+12,1.75327E+12,1.75325E+12,1.75327E+12,"0,007057862602","0,007093906453","0,006988306188","0,007042174606","130,07"
1.7531E+12,1.75319E+12,1.75317E+12,1.7531E+12,"0,006753108718","0,007059193046","0,00675296629","0,007057862602",0
1.75301E+12,1.7531E+12,1.7531E+12,1.75301E+12,"0,006659908489","0,006755684905","0,006658783123","0,006753108718",0
1.75293E+12,1.75301E+12,1.75294E+12,1.75301E+12,"0,006818095522","0,006824116377","0,00665774405","0,006659908489",0
1.75284E+12,1.75293E+12,1.75292E+12,1.75284E+12,"0,006351809646","0,006819999535","0,006351809646","0,006818095522",0
1.75275E+12,1.75284E+12,1.75284E+12,1.75275E+12,"0,005903335753","0,006352060608","0,005903335753","0,006351809646",0
1.75267E+12,1.75275E+12,1.75275E+12,1.75267E+12,"0,005658926889","0,005903341255","0,005658518785","0,005903335753","9,31"
1.75258E+12,1.75267E+12,1.75259E+12,1.75264E+12,"0,005663468338","0,005663622268","0,005515908071","0,005658926889",0
1.75249E+12,1.75258E+12,1.75255E+12,1.7525E+12,"0,005335004841","0,005670554007","0,005334797121","0,005663468338",0
1.75241E+12,1.75249E+12,1.75247E+12,1.75241E+12,"0,005067215154","0,005511508171","0,00506686214","0,005335004841",0
1.75232E+12,1.75241E+12,1.75239E+12,1.75238E+12,"0,005075943199","0,005459808555","0,005007241148","0,005067215154",0
1.75224E+12,1.75232E+12,1.7523E+12,1.75227E+12,"0,004444102129","0,005076550889","0,004440967217","0,005075943199",0
1.75215E+12,1.75224E+12,1.75223E+12,1.75218E+12,"0,004314857928","0,004445832377","0,004314567781","0,004444102129",0
1.75206E+12,1.75215E+12,1.75213E+12,1.75206E+12,"0,003878755714","0,004422561584","0,003878755714","0,004314857928",0
1.75198E+12,1.75206E+12,1.75203E+12,1.75199E+12,"0,003879557272","0,003883371106","0,003876899908","0,003878755714",0
1.75189E+12,1.75198E+12,1.75195E+12,1.75192E+12,"0,003879579321","0,003882101618","0,003877184454","0,003879557272",0
1.7518E+12,1.75189E+12,1.75181E+12,1.75189E+12,"0,00389981083","0,003900489812","0,003879331703","0,003879579321",0
1.75172E+12,1.7518E+12,1.7518E+12,1.75176E+12,"0,00389172109","0,003900232317","0,003878821404","0,00389981083",0
1.75163E+12,1.75172E+12,1.7517E+12,1.75166E+12,"0,003918734688","0,003953352072","0,003885137135","0,00389172109",0
1.75154E+12,1.75163E+12,1.75155E+12,1.75162E+12,"0,004038100987","0,004038781573","0,003918198624","0,003918734688",0
1.75146E+12,1.75154E+12,1.75154E+12,1.75152E+12,"0,003929326067","0,004039211748","0,003891950217","0,004038100987",0
1.75137E+12,1.75146E+12,1.75143E+12,1.7514E+12,"0,00388307934","0,003929898657","0,003878680332","0,003929326067",0
1.75128E+12,1.75137E+12,1.75132E+12,1.75133E+12,"0,003990189136","0,004030821283","0,003881460916","0,00388307934",0
1.7512E+12,1.75128E+12,1.75123E+12,1.75128E+12,"0,004026210349","0,004037463865","0,003989164016","0,003990189136",0
1.75111E+12,1.7512E+12,1.75111E+12,1.75117E+12,"0,004073559368","0,00407366286","0,003931308489","0,004026210349",0
1.75103E+12,1.75111E+12,1.75108E+12,1.75103E+12,"0,003882767167","0,004075491593","0,003882077694","0,004073559368",0
1.75094E+12,1.75103E+12,1.751E+12,1.75095E+12,"0,003805210011","0,00388374075","0,003803364454","0,003882767167",0
1.75085E+12,1.75094E+12,1.75094E+12,1.75085E+12,"0,003749884641","0,003805345101","0,003749786021","0,003805210011",0
1.75077E+12,1.75085E+12,1.75085E+12,1.75077E+12,"0,003718094872","0,003750216897","0,003716164293","0,003749884641",0
1.75068E+12,1.75077E+12,1.75076E+12,1.75068E+12,"0,003710744915","0,003718951665","0,003709746769","0,003718094872",0
1.75059E+12,1.75068E+12,1.7506E+12,1.75066E+12,"0,003881109886","0,003882291005","0,003709823264","0,003710744915",0
1.75051E+12,1.75059E+12,1.75054E+12,1.75059E+12,"0,003887611231","0,003888274524","0,003879734166","0,003881109886",0
1.75042E+12,1.75051E+12,1.75047E+12,1.75043E+12,"0,003880593666","0,003889080537","0,003879647632","0,003887611231",0
1.75033E+12,1.75042E+12,1.7504E+12,1.75041E+12,"0,003965080147","0,003969754084","0,003880332649","0,003880593666",0
1.75025E+12,1.75033E+12,1.75033E+12,1.75029E+12,"0,003880612177","0,003965187454","0,003879752816","0,003965080147",0
1.75016E+12,1.75025E+12,1.75016E+12,1.75025E+12,"0,004166557267","0,004167218098","0,003880237864","0,003880612177",0
1.75008E+12,1.75016E+12,1.75015E+12,1.75009E+12,"0,003929517277","0,004185613321","0,003907560907","0,004166557267",0
1.74999E+12,1.75008E+12,1.74999E+12,1.75006E+12,"0,004002410677","0,004003280002","0,00391721981","0,003929517277",0
1.7499E+12,1.74999E+12,1.74999E+12,1.74998E+12,"0,003909348029","0,004002790366","0,003886152206","0,004002410677","430,31"
1.74982E+12,1.7499E+12,1.74982E+12,1.74984E+12,"0,004080768495","0,004084007874","0,003879400135","0,003909348029",0
1.74973E+12,1.74982E+12,1.74979E+12,1.74981E+12,"0,004084344964","0,004084918876","0,004080103735","0,004080768495",0
1.74964E+12,1.74973E+12,1.74965E+12,1.74968E+12,"0,004123195176","0,004123619491","0,004080368383","0,004084344964",0
1.74956E+12,1.74964E+12,1.7496E+12,1.74956E+12,"0,003935362313","0,0041240961","0,003935362313","0,004123195176",0
1.74947E+12,1.74956E+12,1.74956E+12,1.74947E+12,"0,003896305469","0,003935717077","0,003894748119","0,003935362313",0
1.74938E+12,1.74947E+12,1.74947E+12,1.74939E+12,"0,00386572084","0,003897076796","0,003864760188","0,003896305469",0
1.7493E+12,1.74938E+12,1.74938E+12,1.7493E+12,"0,003751823044","0,003868582192","0,003751346137","0,00386572084",0
1.74921E+12,1.7493E+12,1.74921E+12,1.74927E+12,"0,004007793285","0,004007793285","0,003748878685","0,003751823044",0
1.74912E+12,1.74921E+12,1.74915E+12,1.7492E+12,"0,004084558531","0,004085268303","0,004002918932","0,004007793285",0
1.74904E+12,1.74912E+12,1.74912E+12,1.74906E+12,"0,00403609135","0,004085370606","0,003981316854","0,004084558531",0
1.74895E+12,1.74904E+12,1.749E+12,1.74903E+12,"0,004341772726","0,004488974447","0,004035895907","0,00403609135",0
1.74887E+12,1.74895E+12,1.74894E+12,1.74891E+12,"0,004335194528","0,004342286105","0,004239626555","0,004341772726",0
1.74878E+12,1.74887E+12,1.74881E+12,1.74886E+12,"0,004638723358","0,004667749602","0,004260517765","0,004335194528",0
1.74869E+12,1.74878E+12,1.74878E+12,1.74869E+12,"0,004580777494","0,00463879151","0,004580777494","0,004638723358",0
1.74861E+12,1.74869E+12,1.74869E+12,1.74863E+12,"0,004570976123","0,004581470308","0,004570246225","0,004580777494",0
1.74852E+12,1.74861E+12,1.7486E+12,1.7486E+12,"0,004609184804","0,004628354413","0,004570935979","0,004570976123",0
1.74843E+12,1.74852E+12,1.74846E+12,1.74848E+12,"0,004805660775","0,004806166564","0,004607768006","0,004609184804",0
1.74835E+12,1.74843E+12,1.74841E+12,1.74838E+12,"0,004626136647","0,004824695716","0,004529521301","0,004805660775","217,35"
1.74826E+12,1.74835E+12,1.74831E+12,1.74834E+12,"0,004592368433","0,004628389787","0,004579216312","0,004626136647",0
1.74817E+12,1.74826E+12,1.74826E+12,1.74819E+12,"0,004562621056","0,004595019181","0,00456223446","0,004592368433",0
1.74809E+12,1.74817E+12,1.74809E+12,1.74817E+12,"0,004804790365","0,004805602425","0,004562284054","0,004562621056",0
1.748E+12,1.74809E+12,1.74805E+12,1.74808E+12,"0,005077291996","0,005117091433","0,004804279112","0,004804790365",0
1.74792E+12,1.748E+12,1.74799E+12,1.74792E+12,"0,005033247252","0,005205295729","0,005033247252","0,005077291996",0
1.74783E+12,1.74792E+12,1.74783E+12,1.74783E+12,"0,004991498351","0,005078432781","0,004991078166","0,005033247252",0
1.74774E+12,1.74783E+12,1.74783E+12,1.74776E+12,"0,004942039248","0,004991498351","0,004939183523","0,004991498351",0
1.74766E+12,1.74774E+12,1.74767E+12,1.74772E+12,"0,005295376648","0,005304346142","0,004940726449","0,004942039248",0
1.74757E+12,1.74766E+12,1.74765E+12,1.74757E+12,"0,00524883842","0,005297215474","0,005247783721","0,005295376648",0
1.74748E+12,1.74757E+12,1.74748E+12,1.74749E+12,"0,005411905571","0,005412621337","0,005149255371","0,00524883842",0
1.7474E+12,1.74748E+12,1.7474E+12,1.74741E+12,"0,005517610409","0,005521294792","0,005283614293","0,005411905571",0
1.74731E+12,1.7474E+12,1.7474E+12,1.74731E+12,"0,005443428652","0,005521125662","0,005443428652","0,005517610409",0
1.74722E+12,1.74731E+12,1.74731E+12,1.74723E+12,"0,005426937502","0,00544594287","0,00542642116","0,005443428652",0
1.74714E+12,1.74722E+12,1.74714E+12,1.74716E+12,"0,005472821625","0,005472821625","0,005050613156","0,005426937502",0
1.74705E+12,1.74714E+12,1.74714E+12,1.74706E+12,"0,005439952854","0,005472821625","0,005439403947","0,005472821625",0
1.74696E+12,1.74705E+12,1.74705E+12,1.74697E+12,"0,005320603332","0,005441507803","0,005319492011","0,005439952854",0
1.74688E+12,1.74696E+12,1.74696E+12,1.74688E+12,"0,005025296475","0,005321281441","0,005025296475","0,005320603332",0
1.74679E+12,1.74688E+12,1.74686E+12,1.74679E+12,"0,00468732191","0,005031060051","0,004687107859","0,005025296475","830,49"
1.74671E+12,1.74679E+12,1.74679E+12,1.74672E+12,"0,003712929766","0,004687569536","0,003712571103","0,00468732191",0
1.74662E+12,1.74671E+12,1.74668E+12,1.74671E+12,"0,004069987847","0,004101300983","0,003712795513","0,003712929766",0
1.74653E+12,1.74662E+12,1.74653E+12,1.74661E+12,"0,00408188284","0,004082356199","0,004067842329","0,004069987847",0
1.74645E+12,1.74653E+12,1.74645E+12,1.74653E+12,"0,004521146643","0,004521164074","0,004073753232","0,00408188284","967,39"
1.74636E+12,1.74645E+12,1.74641E+12,1.74644E+12,"0,00463528591","0,004651492608","0,004520391507","0,004521146643",0
1.74627E+12,1.74636E+12,1.7463E+12,1.74634E+12,"0,004819760017","0,004820140417","0,004581263895","0,00463528591",0
1.74619E+12,1.74627E+12,1.74619E+12,1.74627E+12,"0,005258950295","0,00526385723","0,004819760017","0,004819760017","1110,58"
1.7461E+12,1.74619E+12,1.74619E+12,1.74611E+12,"0,005203260457","0,005258950295","0,005203170673","0,005258950295","0,44"
1.74601E+12,1.7461E+12,1.74603E+12,1.7461E+12,"0,005651363402","0,005696527618","0,005203144658","0,005203260457",0
1.74593E+12,1.74601E+12,1.74598E+12,1.74601E+12,"0,005730753081","0,0059499658","0,005651191336","0,005651363402","1008,92"
1.74584E+12,1.74593E+12,1.74587E+12,1.74592E+12,"0,006522558192","0,006549262389","0,005730296959","0,005730753081",0
1.74576E+12,1.74584E+12,1.7458E+12,1.74578E+12,"0,005894951028","0,00654987879","0,005894734231","0,006522558192",0
1.74567E+12,1.74576E+12,1.74575E+12,1.74572E+12,"0,00584238043","0,005960909838","0,005604879707","0,005894951028","1670,34"
1.74558E+12,1.74567E+12,1.74566E+12,1.74558E+12,"0,005727525932","0,005842511325","0,005727021836","0,00584238043",0
1.7455E+12,1.74558E+12,1.74551E+12,1.74558E+12,"0,006247583954","0,006247798131","0,005727195417","0,005727525932",0
1.74541E+12,1.7455E+12,1.74547E+12,1.74542E+12,"0,00599494414","0,006389952862","0,005994309508","0,006247583954",0
1.74532E+12,1.74541E+12,1.74537E+12,1.74537E+12,"0,006055473513","0,006128120254","0,00593774786","0,00599494414",0
1.74524E+12,1.74532E+12,1.7453E+12,1.74524E+12,"0,00609253566","0,006431885312","0,006011117023","0,006055473513",0
1.74506E+12,1.74515E+12,1.74515E+12,1.74511E+12,"0,00657650273","0,00742116114","0,006566810784","0,007416109692",0
1.74498E+12,1.74506E+12,1.74503E+12,1.74506E+12,"0,006913073378","0,00763350283","0,006574285316","0,00657650273",0
1.74489E+12,1.74498E+12,1.74494E+12,1.74495E+12,"0,007076819697","0,007128452036","0,006840245637","0,006913073378",0
1.7448E+12,1.74489E+12,1.74483E+12,1.74488E+12,"0,007720018711","0,007720219832","0,007011102329","0,007076819697",0
1.74472E+12,1.7448E+12,1.74476E+12,1.7448E+12,"0,008090003691","0,00815468555","0,007719767598","0,007720018711",0
1.74463E+12,1.74472E+12,1.74472E+12,1.74469E+12,"0,008063957899","0,00809131968","0,008061085768","0,008090003691",0
1.74455E+12,1.74463E+12,1.74455E+12,1.74461E+12,"0,00812880921","0,008131384131","0,007796441204","0,008063957899",0
1.74446E+12,1.74455E+12,1.74454E+12,1.74446E+12,"0,007782300713","0,008130791355","0,007779005483","0,00812880921",0
1.74437E+12,1.74446E+12,1.74446E+12,1.74443E+12,"0,007713252318","0,007783581463","0,007582572846","0,007782300713",0
1.74429E+12,1.74437E+12,1.74433E+12,1.74437E+12,"0,008221480156","0,008225510752","0,007713252318","0,007713252318",0
1.7442E+12,1.74429E+12,1.74428E+12,1.74425E+12,"0,007712161607","0,00822267745","0,007430496245","0,008221480156",0
1.74411E+12,1.7442E+12,1.7442E+12,1.74412E+12,"0,007495659876","0,007713322138","0,007494814145","0,007712161607",0
1.74403E+12,1.74411E+12,1.74407E+12,1.74407E+12,"0,00883550997","0,008842071858","0,007480003186","0,007495659876",0
1.74394E+12,1.74403E+12,1.74396E+12,1.74399E+12,"0,008915899199","0,008954547894","0,008825532312","0,00883550997",0
1.74385E+12,1.74394E+12,1.74394E+12,1.74391E+12,"0,008874109377","0,008915899199","0,008872913366","0,008915899199",0
1.74377E+12,1.74385E+12,1.7438E+12,1.74377E+12,"0,008711424456","0,009261182927","0,008710704811","0,008874109377",0
1.74368E+12,1.74377E+12,1.74368E+12,1.74376E+12,"0,008769462135","0,008769462135","0,008699919411","0,008711424456",0
1.7436E+12,1.74368E+12,1.74367E+12,1.74368E+12,"0,008975756033","0,009131604624","0,008768953979","0,008769462135","72,77"
1.74351E+12,1.7436E+12,1.7436E+12,1.74351E+12,"0,008872502184","0,008975756033","0,008869563545","0,008975756033",0
1.74342E+12,1.74351E+12,1.74342E+12,1.74348E+12,"0,008883035102","0,008889600537","0,008830749482","0,008872502184",0
1.74334E+12,1.74342E+12,1.74337E+12,1.74341E+12,"0,009201367706","0,009229431474","0,008878464209","0,008883035102",0
1.74325E+12,1.74334E+12,1.74325E+12,1.74334E+12,"0,009893273791","0,009899306753","0,009201072071","0,009201367706",0
1.74316E+12,1.74325E+12,1.74325E+12,1.7432E+12,"0,009835302301","0,00989647623","0,00983095563","0,009893273791",0
1.74308E+12,1.74316E+12,1.74311E+12,1.74313E+12,"0,01003109794","0,01003799038","0,009830575034","0,009835302301",0
1.74299E+12,1.74308E+12,1.74301E+12,1.74306E+12,"0,010130076","0,01016724535","0,01002548114","0,01003109794",0
1.7429E+12,1.74299E+12,1.74298E+12,1.7429E+12,"0,009669228625","0,01013085329","0,009669228625","0,010130076",0
1.74282E+12,1.7429E+12,1.7429E+12,1.74284E+12,"0,009644834472","0,009675102893","0,00964415677","0,009669228625",0
1.74273E+12,1.74282E+12,1.74281E+12,1.74278E+12,"0,009461671217","0,009645976473","0,009459529299","0,009644834472",0
1.74264E+12,1.74273E+12,1.74269E+12,1.7427E+12,"0,009719424635","0,009761909665","0,009461133973","0,009461671217",0
1.74256E+12,1.74264E+12,1.74256E+12,1.74264E+12,"0,009862722161","0,009873018064","0,009714026802","0,009719424635",0
1.74247E+12,1.74256E+12,1.74256E+12,1.74247E+12,"0,009425498078","0,009862722161","0,00942381366","0,009862722161",0
1.74239E+12,1.74247E+12,1.74247E+12,1.74239E+12,"0,00921053318","0,009425498078","0,009208644018","0,009425498078",0
1.7423E+12,1.74239E+12,1.74235E+12,1.74231E+12,"0,00917895136","0,009221191943","0,009174480793","0,00921053318",0
1.74221E+12,1.7423E+12,1.74222E+12,1.74228E+12,"0,009356049154","0,009361270608","0,009171377765","0,00917895136",0
1.74213E+12,1.74221E+12,1.74213E+12,1.74214E+12,"0,009456090717","0,009456476836","0,009304946117","0,009356049154",0
1.74204E+12,1.74213E+12,1.74211E+12,1.74205E+12,"0,008817808804","0,00991538367","0,008815228674","0,009456090717",0
1.74195E+12,1.74204E+12,1.74196E+12,1.74198E+12,"0,009468531239","0,009478036295","0,008510245505","0,008817808804",0
1.74187E+12,1.74195E+12,1.74195E+12,1.74187E+12,"0,009352282626","0,009469047854","0,009352282626","0,009468531239",0
1.74178E+12,1.74187E+12,1.74187E+12,1.74178E+12,"0,009252830308","0,009354327414","0,009248865846","0,009352282626",0
1.74169E+12,1.74178E+12,1.74178E+12,1.7417E+12,"0,009137942111","0,009252830308","0,009132648514","0,009252830308",0
1.74161E+12,1.74169E+12,1.74161E+12,1.74167E+12,"0,009401142737","0,009401142737","0,009115436462","0,009137942111",0
1.74152E+12,1.74161E+12,1.74158E+12,1.74161E+12,"0,009814644795","0,009919162897","0,009401028104","0,009401142737",0
1.74144E+12,1.74152E+12,1.74152E+12,1.74146E+12,"0,009781366097","0,00981627422","0,009777939196","0,009814644795",0
1.74135E+12,1.74144E+12,1.74135E+12,1.74143E+12,"0,01001195219","0,01001977372","0,009776114438","0,009781366097",0
1.74126E+12,1.74135E+12,1.74134E+12,1.74131E+12,"0,00997235727","0,01001399336","0,009969012444","0,01001195219",0
1.74118E+12,1.74126E+12,1.74122E+12,1.74118E+12,"0,009829429396","0,01020378593","0,009825978869","0,00997235727",0
1.74109E+12,1.74118E+12,1.74116E+12,1.74118E+12,"0,01149614835","0,01164645436","0,009829294523","0,009829429396",0
1.741E+12,1.74109E+12,1.74109E+12,1.74107E+12,"0,01143794715","0,01149870766","0,01143085865","0,01149614835",0
1.74092E+12,1.741E+12,1.74099E+12,1.74098E+12,"0,01018208349","0,01144676375","0,0101781282","0,01143794715","131,01"
1.74083E+12,1.74092E+12,1.74085E+12,1.74091E+12,"0,01016390065","0,01042580329","0,01009467514","0,01018208349","42,1"
1.74074E+12,1.74083E+12,1.7408E+12,1.74081E+12,"0,01083454679","0,01085618433","0,009963948271","0,01016390065","201,54"
1.74066E+12,1.74074E+12,1.74066E+12,1.74072E+12,"0,01125250812","0,01127114813","0,01082446133","0,01083454679","62,52"
1.74057E+12,1.74066E+12,1.74057E+12,1.74065E+12,"0,01199717021","0,01200123899","0,0112487789","0,01125250812","50,37"
1.74048E+12,1.74057E+12,1.74048E+12,1.74051E+12,"0,01199760148","0,01199925346","0,01197109274","0,01199717021",0
1.7404E+12,1.74048E+12,1.7404E+12,1.74048E+12,"0,01347559537","0,01347667849","0,01199760148","0,01199760148","141,63"
1.74031E+12,1.7404E+12,1.74034E+12,1.74039E+12,"0,01364835808","0,01378688286","0,01346163435","0,01347559537","115,1"
1.74023E+12,1.74031E+12,1.74025E+12,1.74026E+12,"0,01376122816","0,0137814938","0,01357740067","0,01364835808","47,18"
1.74014E+12,1.74023E+12,1.74022E+12,1.74016E+12,"0,01369778953","0,01394482578","0,01369053817","0,01376122816","10,07"
1.74005E+12,1.74014E+12,1.74013E+12,1.74008E+12,"0,01372385106","0,01384779846","0,01362238228","0,01369778953","27,34"
1.73997E+12,1.74005E+12,1.74003E+12,1.73997E+12,"0,01293376489","0,01376024788","0,01292558545","0,01372385106","43,33"
1.73988E+12,1.73997E+12,1.73988E+12,1.73995E+12,"0,01401508041","0,01402157229","0,01283235588","0,01293376489","312,79"
1.73979E+12,1.73988E+12,1.73988E+12,1.7398E+12,"0,01379490219","0,01401508041","0,0137941211","0,01401508041",0
1.73971E+12,1.73979E+12,1.73971E+12,1.73976E+12,"0,01387343592","0,01387936331","0,01379285454","0,01379490219","7,94"
1.73962E+12,1.73971E+12,1.73971E+12,1.73962E+12,"0,01381129046","0,01387492777","0,01381129046","0,01387343592",0
1.73953E+12,1.73962E+12,1.73961E+12,1.73954E+12,"0,01315335633","0,01381690792","0,01315049393","0,01381129046","6,87"
1.73945E+12,1.73953E+12,1.7395E+12,1.73951E+12,"0,0135497936","0,01359401179","0,01303897337","0,01315335633","121,32"
1.73936E+12,1.73945E+12,1.73939E+12,1.73943E+12,"0,01374175478","0,01391466783","0,01353622626","0,0135497936","36,67"
1.73928E+12,1.73936E+12,1.7393E+12,1.73936E+12,"0,01386008196","0,01391590824","0,01373789509","0,01374175478","19,81"
1.73919E+12,1.73928E+12,1.73928E+12,1.73919E+12,"0,01365512861","0,01386008196","0,01365158726","0,01386008196",0
1.7391E+12,1.73919E+12,1.73918E+12,1.73918E+12,"0,01320384021","0,01376786791","0,01312384995","0,01365512861","20,2"
1.73902E+12,1.7391E+12,1.73909E+12,1.7391E+12,"0,01380916806","0,01397086866","0,01319724654","0,01320384021","110,23"
1.73893E+12,1.73902E+12,1.73899E+12,1.73894E+12,"0,01339310986","0,01399169207","0,01338876125","0,01380916806","16,24"
1.73884E+12,1.73893E+12,1.73888E+12,1.7389E+12,"0,01336636231","0,01351637939","0,01305059739","0,01339310986","95,76"
1.73876E+12,1.73884E+12,1.73884E+12,1.73883E+12,"0,01304172693","0,01337014903","0,01255316644","0,01336636231","122,99"
1.73867E+12,1.73876E+12,1.73874E+12,1.73876E+12,"0,01386234616","0,01399003941","0,0130410693","0,01304172693","5519,62"
1.73858E+12,1.73867E+12,1.73859E+12,1.73862E+12,"0,01473608904","0,01473697109","0,01289351049","0,01386234616","377,05"
1.7385E+12,1.73858E+12,1.7385E+12,1.73858E+12,"0,0175262361","0,01752921942","0,01473598362","0,01473608904","2609,77"
1.73841E+12,1.7385E+12,1.73848E+12,1.7385E+12,"0,01775643376","0,01812599927","0,01751859158","0,0175262361","47,75"
1.73832E+12,1.73841E+12,1.73841E+12,1.73832E+12,"0,01731434499","0,01775666279","0,01731434499","0,01775643376","11,51"
1.73824E+12,1.73832E+12,1.73832E+12,1.73828E+12,"0,01728834789","0,01731576224","0,01728644551","0,01731434499",0
1.73815E+12,1.73824E+12,1.73819E+12,1.73824E+12,"0,01759029933","0,01795836623","0,01728834789","0,01728834789","1238,44"
1.73807E+12,1.73815E+12,1.73808E+12,1.73815E+12,"0,01875272397","0,01875764798","0,01759029933","0,01759029933","34,64"
1.73798E+12,1.73807E+12,1.73799E+12,1.73805E+12,"0,01877246448","0,01877494696","0,01871903887","0,01875272397",0
1.73789E+12,1.73798E+12,1.73796E+12,1.73795E+12,"0,01887649829","0,01888688661","0,0187231285","0,01877246448","456,34"
1.73781E+12,1.73789E+12,1.73781E+12,1.73783E+12,"0,01923124383","0,01923378879","0,01866336512","0,01887649829","216,51"
1.73772E+12,1.73781E+12,1.7378E+12,1.73774E+12,"0,01768805839","0,01923269752","0,0176851338","0,01923124383","1234,2"
1.73763E+12,1.73772E+12,1.73765E+12,1.73772E+12,"0,01812497876","0,01812847428","0,01768782856","0,01768805839","287,6"
1.73755E+12,1.73763E+12,1.73763E+12,1.73762E+12,"0,01705014266","0,01812539736","0,0170499406","0,01812497876","147,2"
1.73746E+12,1.73755E+12,1.73754E+12,1.73748E+12,"0,01557737423","0,01705039869","0,01556510239","0,01705014266","5125,53"
1.73737E+12,1.73746E+12,1.73739E+12,1.73746E+12,"0,01622706329","0,0162278232","0,0155752236","0,01557737423","132,91"
1.73729E+12,1.73737E+12,1.73737E+12,1.73729E+12,"0,01580946741","0,01622828048","0,01580946741","0,01622706329","2654,06"
1.7372E+12,1.73729E+12,1.73728E+12,1.73721E+12,"0,01577052287","0,01581405636","0,01575951549","0,01580946741",0
1.73712E+12,1.7372E+12,1.7372E+12,1.73712E+12,"0,01518436997","0,01577826825","0,01518436997","0,01577052287","35,27"
1.73703E+12,1.73712E+12,1.73711E+12,1.73703E+12,"0,01505616825","0,01519073001","0,01505548178","0,01518436997",0
1.73694E+12,1.73703E+12,1.73703E+12,1.73695E+12,"0,01493615794","0,01505616825","0,01493148193","0,01505616825",0
1.73686E+12,1.73694E+12,1.73686E+12,1.73689E+12,"0,01508399266","0,01509267636","0,01493572729","0,01493615794","2199,98"
1.73677E+12,1.73686E+12,1.73679E+12,1.73686E+12,"0,01613102126","0,01620564193","0,01508399266","0,01508399266","128,62"
1.73668E+12,1.73677E+12,1.73669E+12,1.73677E+12,"0,0170212962","0,01703454127","0,01613006926","0,01613102126","971,5"
1.7366E+12,1.73668E+12,1.73668E+12,1.7366E+12,"0,01683444886","0,01702797298","0,01682020105","0,0170212962",0
1.73651E+12,1.7366E+12,1.7366E+12,1.73651E+12,"0,01662630053","0,01683444886","0,01661749907","0,01683444886",0
1.73642E+12,1.73651E+12,1.73651E+12,1.73643E+12,"0,0165059895","0,01662939527","0,01650525752","0,01662630053",0
1.73634E+12,1.73642E+12,1.73638E+12,1.73642E+12,"0,01825887379","0,01839794019","0,01649618992","0,0165059895","30,25"
1.73625E+12,1.73634E+12,1.73634E+12,1.73625E+12,"0,0180719206","0,01826001038","0,0180719206","0,01825887379",0
1.73616E+12,1.73625E+12,1.73625E+12,1.73619E+12,"0,01803716195","0,01807339387","0,01803559873","0,0180719206",0
1.73608E+12,1.73616E+12,1.73615E+12,1.73616E+12,"0,01822574895","0,01843439983","0,0180370623","0,01803716195","1041,75"
1.73599E+12,1.73608E+12,1.73606E+12,1.736E+12,"0,01820200903","0,01823566661","0,01820057532","0,01822574895","94,58"
1.73591E+12,1.73599E+12,1.73598E+12,1.73594E+12,"0,01800637915","0,01820277231","0,01787469992","0,01820200903","1215,54"
1.73582E+12,1.73591E+12,1.73591E+12,1.73583E+12,"0,017584026","0,0180087861","0,01758291037","0,01800637915","13,52"
1.73573E+12,1.73582E+12,1.73575E+12,1.73573E+12,"0,01753004074","0,01773242754","0,01752403314","0,017584026","270,49"
1.73565E+12,1.73573E+12,1.73565E+12,1.73572E+12,"0,01789769756","0,01789888141","0,0175220454","0,01753004074","89,65"
1.73556E+12,1.73565E+12,1.73562E+12,1.73557E+12,"0,01776285784","0,01790123847","0,01775206571","0,01789769756","135,16"
1.73547E+12,1.73556E+12,1.73554E+12,1.7355E+12,"0,01752855077","0,01777507883","0,01751186743","0,01776285784","27,92"
1.73539E+12,1.73547E+12,1.73547E+12,1.73539E+12,"0,01742599034","0,01753339303","0,01742599034","0,01752855077","14,76"
1.73521E+12,1.7353E+12,1.73526E+12,1.7353E+12,"0,01844230029","0,01845701226","0,01727916725","0,01727931364","890,39"
1.73513E+12,1.73521E+12,1.73518E+12,1.73513E+12,"0,01800798064","0,01874613471","0,01799697954","0,01844230029","697,19"
1.73504E+12,1.73513E+12,1.73513E+12,1.73505E+12,"0,01782389225","0,01800798064","0,01782059001","0,01800798064","0,7"
1.73496E+12,1.73504E+12,1.73504E+12,1.73496E+12,"0,01760883732","0,01782695232","0,01760533473","0,01782389225",0
1.73487E+12,1.73496E+12,1.73493E+12,1.73488E+12,"0,01703346069","0,01761175449","0,01697297086","0,01760883732","947,84"
1.73478E+12,1.73487E+12,1.7348E+12,1.73487E+12,"0,01811158472","0,01818469862","0,01703059259","0,01703346069","86,99"
1.7347E+12,1.73478E+12,1.73478E+12,1.73476E+12,"0,0180651968","0,01811434832","0,01806228972","0,01811158472",0
1.73461E+12,1.7347E+12,1.73464E+12,1.73469E+12,"0,01874304633","0,01876449011","0,01806440746","0,0180651968","3007,83"
1.73452E+12,1.73461E+12,1.73453E+12,1.7346E+12,"0,01875324561","0,01876138566","0,01873381184","0,01874304633",0
1.73444E+12,1.73452E+12,1.73444E+12,1.73447E+12,"0,01876219905","0,01876399053","0,01873639601","0,01875324561",0
1.73435E+12,1.73444E+12,1.73442E+12,1.73436E+12,"0,01874781709","0,01876936661","0,01873887461","0,01876219905",0
1.73426E+12,1.73435E+12,1.73429E+12,1.73434E+12,"0,0187537908","0,01875977908","0,01874533784","0,01874781709",0
1.73418E+12,1.73426E+12,1.73418E+12,1.7342E+12,"0,01876002341","0,01876257518","0,01875034452","0,0187537908",0
1.73409E+12,1.73418E+12,1.73412E+12,1.73416E+12,"0,01875453163","0,01876764606","0,01875113265","0,01876318007",0
1.734E+12,1.73409E+12,1.73402E+12,1.73407E+12,"0,01876717519","0,01877243838","0,01872798464","0,01875453163",0
1.73392E+12,1.734E+12,1.73396E+12,1.73397E+12,"0,01876915287","0,01877667152","0,01875048103","0,01876717519",0
1.73383E+12,1.73392E+12,1.73385E+12,1.73385E+12,"0,01876976784","0,01878089761","0,01875656206","0,01876915287",0
1.73375E+12,1.73383E+12,1.73376E+12,1.73382E+12,"0,01877540818","0,01877780257","0,01874644533","0,01876976784",0
1.73366E+12,1.73375E+12,1.73367E+12,1.73373E+12,"0,01877619026","0,01878083554","0,01876699753","0,0187752605",0
1.73357E+12,1.73366E+12,1.73357E+12,1.73366E+12,"0,01944505175","0,01944690882","0,01877451025","0,01877948784",0
1.73349E+12,1.73357E+12,1.73349E+12,1.73355E+12,"0,02001990183","0,0200243028","0,01943734124","0,01944505175","208,07"
1.7334E+12,1.73349E+12,1.73348E+12,1.73341E+12,"0,01879243946","0,02003330344","0,01877130346","0,02002729014","652,77"
1.73331E+12,1.7334E+12,1.73338E+12,1.73332E+12,"0,01857127873","0,01879743455","0,0185662591","0,01879243946","219,47"
1.73323E+12,1.73331E+12,1.73324E+12,1.73328E+12,"0,01970297943","0,01974375118","0,0185624594","0,01857127873","331,06"
1.73314E+12,1.73323E+12,1.73323E+12,1.73322E+12,"0,01970356206","0,01970723628","0,01970133906","0,01970297943",0
1.73305E+12,1.73314E+12,1.73314E+12,1.73313E+12,"0,02037850844","0,02038833286","0,02037505436","0,02038790914",0
1.73297E+12,1.73305E+12,1.73305E+12,1.73297E+12,"0,01853318475","0,02038027665","0,01853318475","0,02037850844","609,42"
1.73288E+12,1.73297E+12,1.73296E+12,1.73288E+12,"0,0183389975","0,01854626071","0,0183389975","0,01853318475",0
1.7328E+12,1.73288E+12,1.73288E+12,1.7328E+12,"0,01811837913","0,01833930174","0,01811837913","0,0183389975",0
1.73271E+12,1.7328E+12,1.73271E+12,1.73279E+12,"0,01867058965","0,01867058965","0,01810746619","0,01811837913",0
1.73262E+12,1.73271E+12,1.73271E+12,1.73265E+12,"0,01853094668","0,01870282832","0,01852129754","0,01867058965","9,62"
1.73254E+12,1.73262E+12,1.73257E+12,1.73259E+12,"0,01860573698","0,01860818028","0,01852357453","0,01853094668","100,81"
1.73245E+12,1.73254E+12,1.73248E+12,1.73249E+12,"0,01865660656","0,01899451747","0,0186033551","0,01860573698","789,66"
1.73236E+12,1.73245E+12,1.7324E+12,1.73241E+12,"0,01887747913","0,01899239694","0,01743372314","0,01865660656","1286,71"
1.73228E+12,1.73236E+12,1.73231E+12,1.73228E+12,"0,01735061188","0,01908116172","0,01734400531","0,01887747913","2736,2"
1.73219E+12,1.73228E+12,1.73227E+12,1.73219E+12,"0,01717401354","0,0173543859","0,01717401354","0,01735061188",0
1.7321E+12,1.73219E+12,1.7321E+12,1.73216E+12,"0,01724500527","0,01724500527","0,01715991746","0,01717401354",0
1.73202E+12,1.7321E+12,1.73209E+12,1.7321E+12,"0,01734200076","0,01736184609","0,01724478088","0,01724500527","34,48"
1.73193E+12,1.73202E+12,1.73201E+12,1.73196E+12,"0,01734577076","0,01735033701","0,0170603229","0,01734200076","120,77"
1.73184E+12,1.73193E+12,1.73185E+12,1.73192E+12,"0,01749747031","0,01749836614","0,01734438196","0,01734577076","520,54"
1.73176E+12,1.73184E+12,1.73184E+12,1.73181E+12,"0,0169153667","0,01749781627","0,01679185994","0,01749747031","1511,24"
1.73167E+12,1.73176E+12,1.73175E+12,1.7317E+12,"0,01684576703","0,01691279052","0,01684352174","0,01690751641",0
1.73159E+12,1.73167E+12,1.73165E+12,1.73167E+12,"0,01692527034","0,01706101636","0,01684521958","0,01684576703","286,68"
1.7315E+12,1.73159E+12,1.73151E+12,1.73156E+12,"0,01791639997","0,01795606654","0,0169133688","0,01692527034","133,81"
1.73141E+12,1.7315E+12,1.73149E+12,1.73141E+12,"0,01785619946","0,01791966175","0,01785619946","0,01791639997",0
1.73133E+12,1.73141E+12,1.73141E+12,1.73133E+12,0,0,0,0,"399,09"
1.73124E+12,1.73133E+12,1.73132E+12,1.73128E+12,0,0,0,0,0
1.73115E+12,1.73124E+12,1.73124E+12,1.73115E+12,0,0,0,0,"325,93"
1.73107E+12,1.73115E+12,1.73115E+12,1.73107E+12,0,0,0,0,0
1.73098E+12,1.73107E+12,1.73106E+12,1.73105E+12,"0,01394376772","0,01396548269","0,01394058974","0,01394276125",0
1.73089E+12,1.73098E+12,1.73096E+12,1.73098E+12,"0,01422050414","0,01439052591","0,01393950749","0,01394500252","95,55"
1.73081E+12,1.73089E+12,1.73089E+12,1.73081E+12,"0,0133005653","0,01422614477","0,01329946105","0,01422050414",0
1.73072E+12,1.73081E+12,1.73078E+12,1.7308E+12,"0,01357444029","0,0141602835","0,01329802663","0,0133005653","126,81"
1.73064E+12,1.73072E+12,1.73064E+12,1.73072E+12,"0,01404444675","0,01404743679","0,01356913953","0,01357413523","114,23"
1.73055E+12,1.73064E+12,1.73063E+12,1.73055E+12,"0,01389722076","0,01404756688","0,01389722076","0,01404444675",0
1.73046E+12,1.73055E+12,1.73055E+12,1.73046E+12,"0,01354135993","0,01389722076","0,01354135993","0,01389722076",0
1.73038E+12,1.73046E+12,1.73042E+12,1.73045E+12,"0,01382107859","0,01392525795","0,01354032054","0,01354135993","297,19"
1.73029E+12,1.73038E+12,1.73038E+12,1.73037E+12,"0,01380094776","0,01382107859","0,01379663544","0,01382107859",0
1.7302E+12,1.73029E+12,1.73028E+12,1.73021E+12,"0,01313242328","0,0138013197","0,01313219476","0,01380094776","957,58"
1.73012E+12,1.7302E+12,1.73012E+12,1.7302E+12,"0,01505702606","0,01505906138","0,0131319273","0,01313242328","2315,13"
1.73003E+12,1.73012E+12,1.73011E+12,1.73003E+12,"0,01481561808","0,01575602123","0,01481561808","0,01505702606","143,81"
1.72994E+12,1.73003E+12,1.72995E+12,1.72995E+12,"0,01489413524","0,01523530854","0,01470153778","0,01481561808","227,5"
1.72986E+12,1.72994E+12,1.72986E+12,1.72993E+12,"0,01575374123","0,01576621185","0,01488407203","0,01489413524","287,78"
1.72977E+12,1.72986E+12,1.72982E+12,1.72981E+12,"0,01495118467","0,0151022572","0,01494237927","0,01509540243",0
1.72968E+12,1.72977E+12,1.72973E+12,1.72975E+12,"0,01610687167","0,01620186415","0,01541211363","0,01542367509","46,28"
1.7296E+12,1.72968E+12,1.72968E+12,1.7296E+12,"0,01587167436","0,01610687167","0,01587167436","0,01610687167",0
1.72951E+12,1.7296E+12,1.7296E+12,1.72957E+12,"0,01551625978","0,01587335227","0,01550287935","0,01587167436",0
1.72943E+12,1.72951E+12,1.72948E+12,1.72948E+12,"0,01571117641","0,01575863292","0,01550260786","0,01551733298","215,61"
1.72934E+12,1.72943E+12,1.72942E+12,1.72936E+12,"0,01510486306","0,01609919783","0,01510001745","0,01571117641","19,23"
1.72925E+12,1.72934E+12,1.72927E+12,1.72934E+12,"0,01594317412","0,01598275575","0,01510191975","0,01510486306","520,3"
1.72917E+12,1.72925E+12,1.72925E+12,1.72918E+12,"0,01534839128","0,01594688035","0,01534632389","0,01594317412",0
1.72908E+12,1.72917E+12,1.7291E+12,1.7291E+12,"0,01551242102","0,01577753015","0,01534043438","0,01534839128","243,25"
1.72899E+12,1.72908E+12,1.729E+12,1.729E+12,"0,01563322588","0,01575679913","0,01541765478","0,01551242102","156,61"
1.72891E+12,1.72899E+12,1.72899E+12,1.72892E+12,"0,01475264341","0,01592655548","0,01456939204","0,01563322588","308,76"
1.72882E+12,1.72891E+12,1.72891E+12,1.72891E+12,"0,01671994247","0,01694454675","0,0146530009","0,01475264341","486,14"
1.72873E+12,1.72882E+12,1.72882E+12,1.72873E+12,"0,01651236684","0,01672247159","0,01651185989","0,01671994247",0
1.72865E+12,1.72873E+12,1.72873E+12,1.72865E+12,"0,01628556997","0,01651883148","0,016277647","0,01651236684",0
1.72856E+12,1.72865E+12,1.72865E+12,1.72856E+12,"0,01610427132","0,01628715452","0,01610305674","0,01628556997",0
1.72848E+12,1.72856E+12,1.72856E+12,1.72853E+12,"0,01441386453","0,01609802948","0,01438836782","0,01609680529",0
1.72839E+12,1.72848E+12,1.72844E+12,1.72845E+12,"0,01590405208","0,01605292772","0,01435353399","0,01441223697","382,18"
1.7283E+12,1.72839E+12,1.72839E+12,1.7283E+12,"0,01570505335","0,01590750307","0,01570252016","0,01590405208",0
1.72822E+12,1.7283E+12,1.72822E+12,1.72822E+12,"0,01510896685","0,01621041223","0,01509993204","0,01570505335","1,99"
1.72813E+12,1.72822E+12,1.72822E+12,1.72814E+12,"0,01505079498","0,01510930864","0,01468109513","0,01510896685","102,34"
1.72804E+12,1.72813E+12,1.72811E+12,1.72813E+12,"0,01620125656","0,01634962666","0,01504270638","0,01505079498","95,14"
1.72796E+12,1.72804E+12,1.72804E+12,1.72796E+12,"0,01601557953","0,01620668565","0,01600369057","0,01620125656",0
1.72787E+12,1.72796E+12,1.72796E+12,1.72787E+12,"0,01465395207","0,01601557953","0,01464741648","0,01601557953",0
1.72778E+12,1.72787E+12,1.72786E+12,1.72786E+12,"0,01587295831","0,01599538673","0,01464331526","0,01465395207","235,09"
1.7277E+12,1.72778E+12,1.72778E+12,1.7277E+12,"0,01572017585","0,01588269604","0,01571212796","0,01587295831",0
1.72761E+12,1.7277E+12,1.72769E+12,1.72763E+12,"0,01556071507","0,01572905704","0,01556016479","0,01572017585",0
1.72752E+12,1.72761E+12,1.7276E+12,1.7276E+12,"0,01565607089","0,01572154033","0,0155601809","0,01556071507","450,6"
1.72744E+12,1.72752E+12,1.72749E+12,1.72749E+12,"0,01588305386","0,01604234172","0,01565342995","0,01565607089","254,43"
1.72735E+12,1.72744E+12,1.72744E+12,1.72736E+12,"0,01569960404","0,01588657699","0,01569343066","0,01588305386",0
1.72727E+12,1.72735E+12,1.72732E+12,1.72727E+12,"0,01561825654","0,01570644941","0,0156153028","0,01569960404",0
1.72718E+12,1.72727E+12,1.72718E+12,1.72724E+12,"0,01562556798","0,01563698263","0,01561182607","0,01561825654","124,84"
1.72709E+12,1.72718E+12,1.72718E+12,1.72709E+12,"0,01545242007","0,01563033358","0,01544839959","0,01562556798",0
1.72701E+12,1.72709E+12,1.72704E+12,1.72701E+12,"0,01500774146","0,01546124769","0,01500774146","0,01545242007","160,14"
1.72692E+12,1.72701E+12,1.72701E+12,1.72692E+12,"0,01498312926","0,01501361763","0,01498312926","0,01500774146",0
1.72683E+12,1.72692E+12,1.72692E+12,1.72684E+12,"0,01411157904","0,01498317381","0,01411064343","0,01498312926","154,05"
1.72675E+12,1.72683E+12,1.72681E+12,1.72677E+12,"0,01385219039","0,01411263777","0,01356603524","0,01411157904","2397,15"
1.72666E+12,1.72675E+12,1.7267E+12,1.72674E+12,"0,01482806171","0,01492103077","0,01376259262","0,01385219039","64,32"
1.72657E+12,1.72666E+12,1.72666E+12,1.72658E+12,"0,01464322621","0,0148290232","0,01464050227","0,01482806171",0
1.72649E+12,1.72657E+12,1.72657E+12,1.72649E+12,"0,01445841517","0,01464946021","0,01445542586","0,01464322621",0
1.7264E+12,1.72649E+12,1.7264E+12,1.72645E+12,"0,01448019998","0,01448533994","0,01445170674","0,01445841517","73,72"
1.72632E+12,1.7264E+12,1.72632E+12,1.72639E+12,"0,01468026695","0,01468090464","0,01447475303","0,01448019998","36,86"
1.72623E+12,1.72632E+12,1.72632E+12,1.72626E+12,"0,01375435705","0,01468061504","0,0137140348","0,01468026695","845,45"
1.72614E+12,1.72623E+12,1.72623E+12,1.72619E+12,"0,0137441165","0,0137562497","0,01373455746","0,01375435705",0
1.72606E+12,1.72614E+12,1.72614E+12,1.72606E+12,"0,01341341648","0,0137441165","0,01341341648","0,0137441165","111,83"
1.72597E+12,1.72606E+12,1.72606E+12,1.72602E+12,"0,01332329607","0,01341493891","0,01331418329","0,01341341648",0
1.72588E+12,1.72597E+12,1.72593E+12,1.7259E+12,"0,01332212394","0,01346292521","0,01331402045","0,01332329607","74,97"
1.7258E+12,1.72588E+12,1.72585E+12,1.7258E+12,"0,01302181082","0,01332805439","0,01302122836","0,01332212394","104,32"
1.72571E+12,1.7258E+12,1.72573E+12,1.72577E+12,"0,01392072721","0,01396344655","0,01301851584","0,01302181082","11,11"
1.72562E+12,1.72571E+12,1.72571E+12,1.72567E+12,"0,01389956156","0,01392625632","0,01389736464","0,01392072721",0
1.72554E+12,1.72562E+12,1.72558E+12,1.72562E+12,"0,01463111381","0,01463953764","0,01389671522","0,01389956156","640,38"
1.72545E+12,1.72554E+12,1.72546E+12,1.72552E+12,"0,01472279956","0,01476959089","0,01426518651","0,01463111381","288,44"
1.72536E+12,1.72545E+12,1.72545E+12,1.72538E+12,"0,01457615805","0,01472534888","0,01456906233","0,01472279956",0
1.72528E+12,1.72536E+12,1.72529E+12,1.72531E+12,"0,0148509095","0,0148538752","0,01454624235","0,01457615805","135,66"
1.72519E+12,1.72528E+12,1.7252E+12,1.72526E+12,"0,01514886512","0,01515114127","0,0147805796","0,0148509095","352,28"
1.72511E+12,1.72519E+12,1.72515E+12,1.72519E+12,"0,01538685017","0,01546663175","0,01514709206","0,01514886512","364,73"
1.72502E+12,1.72511E+12,1.7251E+12,1.72502E+12,"0,01489638872","0,01538754567","0,014893259","0,01538685017","536,94"
1.72493E+12,1.72502E+12,1.72502E+12,1.72494E+12,"0,01468598471","0,01489676716","0,01468314342","0,01489638872",0
1.72485E+12,1.72493E+12,1.72485E+12,1.72491E+12,"0,01620589743","0,01620985831","0,01467257786","0,01468598471","73,3"
1.72476E+12,1.72485E+12,1.72477E+12,1.72482E+12,"0,01637767461","0,01638127926","0,01619821518","0,01620589743","7,69"
1.72467E+12,1.72476E+12,1.72474E+12,1.72476E+12,"0,01706609832","0,01708954623","0,01637724906","0,01637767461","542,29"
1.72459E+12,1.72467E+12,1.72461E+12,1.72463E+12,"0,01708069063","0,01709604822","0,01705029592","0,01706609832","300,45"
1.7245E+12,1.72459E+12,1.72459E+12,1.72451E+12,"0,01620216397","0,01708132897","0,01620019372","0,01708069063","281,32"
1.72441E+12,1.7245E+12,1.72446E+12,1.72443E+12,"0,01600148093","0,01634577584","0,01599754436","0,01620216397","102,34"
1.72433E+12,1.72441E+12,1.72435E+12,1.72433E+12,"0,01592658345","0,01603982139","0,0159262077","0,01600148093","118,68"
1.72424E+12,1.72433E+12,1.72433E+12,1.7243E+12,"0,01589225538","0,01592766034","0,01528910494","0,01592658345","798,82"
1.72416E+12,1.72424E+12,1.72418E+12,1.72421E+12,"0,01608902328","0,01616052629","0,01588902764","0,01589779266","135,12"
1.72407E+12,1.72416E+12,1.72414E+12,1.72415E+12,"0,01607964877","0,01609486362","0,01606153081","0,01608167909",0
1.72398E+12,1.72407E+12,1.72405E+12,1.72403E+12,"0,01592635525","0,01608345467","0,01586232001","0,01607964877","302,37"
1.7239E+12,1.72398E+12,1.72398E+12,1.72395E+12,"0,01588106804","0,01593426835","0,01587938383","0,01592635525","21,82"
1.72381E+12,1.7239E+12,1.72382E+12,1.72388E+12,"0,01622445256","0,01624819913","0,01572140989","0,01588106804","1423,02"
1.72372E+12,1.72381E+12,1.72379E+12,1.7238E+12,"0,01687758361","0,01688522345","0,01607755897","0,01622445256","6,65"
1.72364E+12,1.72372E+12,1.72369E+12,1.72364E+12,"0,01670709806","0,01740297697","0,01670699476","0,01687758361","1163,85"
1.72355E+12,1.72364E+12,1.72361E+12,1.72363E+12,"0,01715165372","0,01715545388","0,01651138941","0,01670709806","1962,48"
1.72346E+12,1.72355E+12,1.72353E+12,1.72346E+12,"0,01700047416","0,01747103556","0,01700047416","0,01715165372","618,1"
1.72338E+12,1.72346E+12,1.72346E+12,1.72343E+12,"0,01692566425","0,01700188195","0,01692027489","0,01700047416",0
1.72329E+12,1.72338E+12,1.72335E+12,1.72329E+12,"0,01617394932","0,01730325437","0,01617394932","0,01692566425","319,64"
1.7232E+12,1.72329E+12,1.72329E+12,1.72323E+12,"0,01602438942","0,01617840111","0,01602341946","0,01617394932",0
1.72312E+12,1.7232E+12,1.72313E+12,1.7232E+12,"0,0166751219","0,0167381232","0,01602302753","0,01602438942","1264,62"
1.72303E+12,1.72312E+12,1.72305E+12,1.72311E+12,"0,01790652685","0,01793099773","0,01663933715","0,0166751219",0
1.72295E+12,1.72303E+12,1.72297E+12,1.72303E+12,"0,01829278031","0,01836816502","0,01790118816","0,01790652685","36,83"
1.72286E+12,1.72295E+12,1.72294E+12,1.72291E+12,"0,01827519251","0,01831783149","0,01827236675","0,01829278031",0
1.72277E+12,1.72286E+12,1.72278E+12,1.72285E+12,"0,02049818724","0,02055301808","0,01820844763","0,01827519251","1232,93"
1.72269E+12,1.72277E+12,1.72277E+12,1.72269E+12,"0,02036557601","0,02050473994","0,0203606455","0,02049818724",0
1.7226E+12,1.72269E+12,1.72263E+12,1.72267E+12,"0,02075209157","0,02077921398","0,02036100897","0,02036557601","289,11"
1.72251E+12,1.7226E+12,1.72253E+12,1.72259E+12,"0,02278092185","0,02279571946","0,02039770938","0,02075209157","1827,2"
1.72243E+12,1.72251E+12,1.7225E+12,1.72247E+12,"0,02268622518","0,02278718618","0,02268328394","0,02278092185","161,32"
1.72234E+12,1.72243E+12,1.72234E+12,1.72242E+12,"0,02335928095","0,02336436517","0,0226855042","0,02268622518","502,56"
1.72225E+12,1.72234E+12,1.72232E+12,1.72226E+12,"0,02269911633","0,02337307628","0,02269816387","0,02335928095","91,32"
1.72217E+12,1.72225E+12,1.72223E+12,1.72217E+12,"0,02216717816","0,02304619902","0,02216674461","0,02269911633","2686,1"
1.72208E+12,1.72217E+12,1.72217E+12,1.72208E+12,"0,02186624497","0,02217658153","0,02186624497","0,02216717816",0
1.722E+12,1.72208E+12,1.72207E+12,1.72202E+12,"0,02182020422","0,02188868564","0,02179860811","0,02186624497",0
1.72191E+12,1.722E+12,1.72194E+12,1.72198E+12,"0,02390230825","0,02393491453","0,02180589909","0,02182020422","30,18"
1.72182E+12,1.72191E+12,1.72183E+12,1.72185E+12,"0,02446617275","0,02446744111","0,02375178011","0,02390230825","139,86"
1.72174E+12,1.72182E+12,1.72178E+12,1.7218E+12,"0,02456583266","0,02493833433","0,02446455","0,02446617275","1003,22"
1.72165E+12,1.72174E+12,1.72171E+12,1.72173E+12,"0,02483566406","0,02490382901","0,02456064797","0,02456583266","195,01"
1.72156E+12,1.72165E+12,1.72165E+12,1.72159E+12,"0,02481402271","0,0248460204","0,02480321296","0,02483566406","24,76"
1.72148E+12,1.72156E+12,1.72155E+12,1.72151E+12,"0,02479566189","0,02482467158","0,02479388201","0,02481402271","79,95"
1.72139E+12,1.72148E+12,1.72146E+12,1.72139E+12,"0,02469354302","0,02508436779","0,02469354302","0,02479566189","339,64"
1.7213E+12,1.72139E+12,1.72139E+12,1.72134E+12,"0,02447456591","0,02470573912","0,02446767631","0,02469354302",0
1.72122E+12,1.7213E+12,1.72125E+12,1.72122E+12,"0,02401733417","0,02466393032","0,02401700364","0,02447456591","1560,81"
1.72113E+12,1.72122E+12,1.72121E+12,1.72115E+12,"0,02135431069","0,0240182762","0,02134253452","0,02401733417","3071,56"
1.72104E+12,1.72113E+12,1.72113E+12,1.72105E+12,"0,02108492887","0,02136345214","0,02108064365","0,02135431069",0
1.72096E+12,1.72104E+12,1.72104E+12,1.721E+12,"0,02102854399","0,02108642296","0,02102804878","0,02108492887",0
1.72087E+12,1.72096E+12,1.72095E+12,1.72088E+12,"0,01976783509","0,0210297692","0,01976375308","0,02102854399","1334,94"
1.72079E+12,1.72087E+12,1.72081E+12,1.72083E+12,"0,02011654891","0,02012931888","0,01976314919","0,01976783509","241,91"
1.7207E+12,1.72079E+12,1.72077E+12,1.72071E+12,"0,02001316616","0,02012262146","0,02001012132","0,02011654891","203,22"
1.72061E+12,1.7207E+12,1.72067E+12,1.72062E+12,"0,01934209508","0,02006557141","0,01917318167","0,02001316616","1392,53"
1.72053E+12,1.72061E+12,1.7206E+12,1.72055E+12,"0,01884955812","0,01934537293","0,01884649354","0,01934209508","406,18"
1.72044E+12,1.72053E+12,1.72044E+12,1.72046E+12,"0,01902086707","0,01902086707","0,01847952762","0,01884955812","597,09"
1.72035E+12,1.72044E+12,1.72037E+12,1.72044E+12,"0,01965513886","0,02011835054","0,01902086707","0,01902086707","680,1"
1.72027E+12,1.72035E+12,1.72027E+12,1.72028E+12,"0,0198513356","0,01985270148","0,01953118581","0,01965513886","408,29"
1.72018E+12,1.72027E+12,1.72022E+12,1.72024E+12,"0,0208847517","0,0208883727","0,01952064752","0,0198513356","244,29"
1.72009E+12,1.72018E+12,1.72012E+12,1.72016E+12,"0,02228039023","0,02228974855","0,02074783584","0,0208847517","1083,67"
1.72001E+12,1.72009E+12,1.72005E+12,1.72009E+12,"0,02340096106","0,02340528554","0,02227411906","0,02228039023","136,17"
1.71992E+12,1.72001E+12,1.71992E+12,1.72E+12,"0,02391954277","0,02392039231","0,02340023359","0,02340096106","705,42"
1.71984E+12,1.71992E+12,1.71989E+12,1.71992E+12,"0,02690439854","0,02759905031","0,02391928077","0,02391954277",5638
1.71975E+12,1.71984E+12,1.71975E+12,1.71979E+12,"0,02775330582","0,0277684057","0,02678418212","0,02690439854","150,24"
1.71966E+12,1.71975E+12,1.71975E+12,1.71966E+12,"0,0274619025","0,02775645291","0,02745496466","0,02775330582",0
1.71958E+12,1.71966E+12,1.71963E+12,1.71959E+12,"0,02687279215","0,02748518835","0,02686772236","0,0274619025","27,63"
1.71949E+12,1.71958E+12,1.71949E+12,1.71957E+12,"0,02702094636","0,02702806747","0,02686919717","0,02687279215","245,36"
1.7194E+12,1.71949E+12,1.71943E+12,1.71942E+12,"0,02694773737","0,02721831756","0,02694176923","0,02702094636","251,3"
1.71932E+12,1.7194E+12,1.71938E+12,1.71934E+12,"0,02639018261","0,02696363914","0,02638761594","0,02694773737","38,81"
1.71923E+12,1.71932E+12,1.71925E+12,1.71929E+12,"0,02848353673","0,02849476382","0,02638799424","0,02639018261","636,24"
1.71914E+12,1.71923E+12,1.71915E+12,1.71923E+12,"0,02876242501","0,02882189794","0,02848013074","0,02848353673","384,76"
1.71906E+12,1.71914E+12,1.71908E+12,1.71914E+12,"0,02948161238","0,02948673434","0,028761021","0,02876242501","1323,05"
1.71897E+12,1.71906E+12,1.71898E+12,1.71903E+12,"0,03053813608","0,03055289381","0,02948067857","0,02948161238","1577,8"
1.71888E+12,1.71897E+12,1.71894E+12,1.71897E+12,"0,03080363229","0,03094357638","0,03053406036","0,03053813608","6,52"
1.7188E+12,1.71888E+12,1.71887E+12,1.71882E+12,"0,03055498437","0,03080657206","0,03040526716","0,03080363229","702,53"
1.71871E+12,1.7188E+12,1.71879E+12,1.7188E+12,"0,03130160854","0,03147350788","0,03055498437","0,03055498437","190,26"
1.71863E+12,1.71871E+12,1.71863E+12,1.71871E+12,"0,03446440321","0,03446473063","0,03130115868","0,03130160854","4181,1"
1.71854E+12,1.71863E+12,1.71855E+12,1.71861E+12,"0,03444325558","0,03463527634","0,03441045294","0,03446440321","1079,02"
1.71845E+12,1.71854E+12,1.71853E+12,1.71846E+12,"0,03057008132","0,03587419702","0,03056938308","0,03444325558","11067,56"
1.71837E+12,1.71845E+12,1.71842E+12,1.71845E+12,"0,03196629191","0,03197179681","0,03050234702","0,03057008132","2087,91"
1.71828E+12,1.71837E+12,1.71832E+12,1.71834E+12,"0,03415395859","0,03416379296","0,0302528951","0,03196629191","1481,54"
1.71819E+12,1.71828E+12,1.71825E+12,1.71826E+12,"0,03430964208","0,05834767402","0,03333854189","0,03415395859","388,1"
1.71811E+12,1.71819E+12,1.71813E+12,1.71816E+12,"0,03488567437","0,0348877344","0,03301501691","0,03430964208","39,64"
1.71802E+12,1.71811E+12,1.71804E+12,1.71811E+12,"0,03643345326","0,03643626308","0,03488567437","0,03488567437","3023,96"
1.71793E+12,1.71802E+12,1.71801E+12,1.71797E+12,"0,0357099274","0,05188442509","0,03569022807","0,03643343711","193,23"
1.71785E+12,1.71793E+12,1.71786E+12,1.71789E+12,"0,03686959963","0,03687541304","0,03516361751","0,03570992701","2849,2"
1.71776E+12,1.71785E+12,1.71781E+12,1.71777E+12,"0,03674219355","0,05915578209","0,03673951603","0,03686971671","593,51"
1.71768E+12,1.71776E+12,1.71771E+12,1.71776E+12,"0,05083068967","0,09514866986","0,03673654166","0,03674219355","815,02"
1.71759E+12,1.71768E+12,1.71767E+12,1.7176E+12,"0,03637767517","0,05083556505","0,03637454484","0,05083090884","147,3"
1.7175E+12,1.71759E+12,1.71753E+12,1.71756E+12,"0,03649792982","0,03649858249","0,03637330624","0,03637767517","100,81"
1.71742E+12,1.7175E+12,1.71747E+12,1.71749E+12,"0,03703161624","0,03960440259","0,0364976699","0,03649792982","8523,62"
1.71733E+12,1.71742E+12,1.71733E+12,1.71741E+12,"0,0389040599","0,03893326551","0,03703147141","0,03703161624","2230,11"
1.71724E+12,1.71733E+12,1.71733E+12,1.71729E+12,"0,03823064417","0,03890561493","0,0381825748","0,038904062","335,89"
1.71716E+12,1.71724E+12,1.71717E+12,1.71719E+12,"0,04255127478","0,04266347278","0,03796316649","0,03823064602","1433,48"
1.71707E+12,1.71716E+12,1.71715E+12,1.71713E+12,"0,04242304674","0,0425176877","0,04231689353","0,04251465861",0
1.71698E+12,1.71707E+12,1.71706E+12,1.71705E+12,"0,04239885691","0,04242325746","0,04236548058","0,04242304674","499,53"
1.7169E+12,1.71698E+12,1.71691E+12,1.71697E+12,"0,04243585977","0,04243586013","0,04239871332","0,04239885691","2477,66"
1.71681E+12,1.7169E+12,1.71683E+12,1.71683E+12,"0,04243548474","0,04243711498","0,04243541603","0,04243585977","1030,15"
1.71672E+12,1.71681E+12,1.7168E+12,1.71673E+12,"0,04242979812","0,04243548474","0,04242979812","0,04243548474","225,91"
1.71664E+12,1.71672E+12,1.71666E+12,1.7167E+12,"0,04243834585","0,04243900084","0,04242952623","0,04242979812","874,18"
1.71655E+12,1.71664E+12,1.71658E+12,1.71655E+12,"0,0423198596","0,04248622411","0,0423198596","0,04243834569","419,99"
1.71647E+12,1.71655E+12,1.71655E+12,1.71647E+12,"0,041293018","0,04233617168","0,04129296854","0,0423198596","1635,77"
1.71638E+12,1.71647E+12,1.71646E+12,1.71638E+12,"0,03630086061","0,04129501233","0,03629932545","0,041293018","2932,58"
1.71629E+12,1.71638E+12,1.71638E+12,1.71629E+12,"0,03567653581","0,03630086061","0,03566159645","0,03630086061","187,77"
1.71621E+12,1.71629E+12,1.71629E+12,1.71622E+12,"0,03498155744","0,03568629552","0,03496254663","0,03567653579","1227,31"
1.71612E+12,1.71621E+12,1.7162E+12,1.71612E+12,"0,03394398703","0,03499026197","0,03394398703","0,03498155744","665,39"
1.71603E+12,1.71612E+12,1.71612E+12,1.71603E+12,"0,03305147712","0,03395131877","0,03305071149","0,03394398703","1631,27"
1.71595E+12,1.71603E+12,1.71603E+12,1.71595E+12,"0,03239068446","0,03305147712","0,03238366726","0,03305147712","1491,19"
1.71586E+12,1.71595E+12,1.71594E+12,1.71586E+12,"0,03193935136","0,03240863523","0,03192661533","0,03239068443","750,5"
1.71577E+12,1.71586E+12,1.71578E+12,1.71583E+12,"0,03215814213","0,03217025783","0,03180439426","0,03193935136","87,86"
1.71569E+12,1.71577E+12,1.71576E+12,1.71574E+12,"0,03232377689","0,03236740206","0,03149326092","0,03215814213","3194,09"
1.7156E+12,1.71569E+12,1.71565E+12,1.7156E+12,"0,03188230253","0,03256433322","0,03188230253","0,03232377689","543,29"
1.71552E+12,1.7156E+12,1.71559E+12,1.71552E+12,"0,03175067005","0,09579106108","0,03175067005","0,03188230253","127,6"
1.71543E+12,1.71552E+12,1.71543E+12,1.71545E+12,"0,03215561716","0,03215561716","0,03134500734","0,03175067005","539,4"
1.71534E+12,1.71543E+12,1.71537E+12,1.7154E+12,"0,03232271522","0,03250363395","0,03215561716","0,03215561716","172,97"
1.71526E+12,1.71534E+12,1.71534E+12,1.7153E+12,"0,03231336919","0,03232371957","0,03184797283","0,03232271522","212,82"
1.71517E+12,1.71526E+12,1.71517E+12,1.71525E+12,"0,03360860544","0,03360860544","0,03231336919","0,03231336919","1929,1"
1.71508E+12,1.71517E+12,1.71517E+12,1.71517E+12,"0,03426502921","0,0970805346","0,03360860544","0,03360860544","33,54"
1.715E+12,1.71508E+12,1.71504E+12,1.71504E+12,"0,03352179032","0,03480342731","0,03352176585","0,03426502921","5653,31"
1.71491E+12,1.715E+12,1.71499E+12,1.71491E+12,"0,03280986899","0,0415493416","0,03280986899","0,03352179032","915,94"
1.71482E+12,1.71491E+12,1.71488E+12,1.71483E+12,"0,03268197741","0,03299160562","0,03268197741","0,03280986899","106,93"
1.71474E+12,1.71482E+12,1.71482E+12,1.71479E+12,"0,03163677209","0,03268197741","0,03154745757","0,03268197741","313,55"
1.71465E+12,1.71474E+12,1.71472E+12,1.71468E+12,"0,02476122079","0,04242738615","0,02350598407","0,03163677209","36972,09"
1.71456E+12,1.71465E+12,1.71465E+12,1.71463E+12,"0,02431828929","0,02476201042","0,02305598424","0,02476122079","40,78"
1.71448E+12,1.71456E+12,1.71455E+12,1.71455E+12,"0,02700850614","0,07959568413","0,02409040873","0,02431828929","3847,22"
1.71439E+12,1.71448E+12,1.71441E+12,1.71447E+12,"0,02845579379","0,02973678375","0,02697401128","0,02700850614","1120,62"
1.71431E+12,1.71439E+12,1.71432E+12,1.71432E+12,"0,02781912192","0,02876418402","0,02781898892","0,02845579379","980,68"
1.71422E+12,1.71431E+12,1.71431E+12,1.71424E+12,"0,02707995683","0,02781940526","0,02692290492","0,02781912192","497,11"
1.71413E+12,1.71422E+12,1.71418E+12,1.7142E+12,"0,02985119376","0,03002564741","0,02685431343","0,02707995683","5787,74"
1.71405E+12,1.71413E+12,1.71407E+12,1.7141E+12,"0,0311340583","0,0954274721","0,02927165273","0,02985119376","703,2"
1.71396E+12,1.71405E+12,1.71404E+12,1.71396E+12,"0,03018011995","0,03113463503","0,03018011995","0,03113395243","23,07"
1.71387E+12,1.71396E+12,1.71387E+12,1.71388E+12,"0,03103179987","0,03103179987","0,03000018419","0,03018011995","82,13"
1.71379E+12,1.71387E+12,1.71382E+12,1.71382E+12,"0,03572035065","0,04074660629","0,02855371641","0,03103179987","7147,79"
1.7137E+12,1.71379E+12,1.71376E+12,1.71371E+12,"0,02763224011","0,03572774271","0,02763224011","0,03572320076","56,54"
1.71361E+12,1.7137E+12,1.71362E+12,1.71365E+12,"0,02797969784","0,02797969784","0,02763224011","0,02763224011","104,04"
1.71353E+12,1.71361E+12,1.71358E+12,1.71359E+12,"0,02800650036","0,02880965861","0,02797969784","0,02797969784","388,36"
1.71344E+12,1.71353E+12,1.71353E+12,1.71344E+12,"0,02767619535","0,02800651525","0,02741883721","0,02800650036","3022,81"
1.71336E+12,1.71344E+12,1.71338E+12,1.71341E+12,"0,02762175914","0,02831067947","0,02707234968","0,02767619535","1208,68"
1.71327E+12,1.71336E+12,1.71327E+12,1.71331E+12,"0,03033146171","0,03033146171","0,02665789283","0,02762175914","6532,03"
1.71318E+12,1.71327E+12,1.71325E+12,1.71319E+12,"0,03023152327","0,1355827439","0,03023151414","0,03033146171","55,65"
1.7131E+12,1.71318E+12,1.7131E+12,1.7131E+12,"0,03231152961","0,0323115568","0,02888747237","0,03023152327","2141,34"
1.71301E+12,1.7131E+12,1.71303E+12,1.71302E+12,"0,03139981649","0,04231886447","0,03120524643","0,03231152961","14811,75"
1.71292E+12,1.71301E+12,1.71301E+12,1.71301E+12,"0,03227917574","0,03416976551","0,03139969159","0,031399811","2538,91"
1.71284E+12,1.71292E+12,1.71287E+12,1.71288E+12,"0,03742894268","0,1800603095","0,03140365153","0,03227917574","5332,92"
1.71275E+12,1.71284E+12,1.71283E+12,1.71279E+12,"0,03509634867","0,03743186186","0,03270232653","0,03742894268","188,5"
1.71266E+12,1.71275E+12,1.71271E+12,1.71274E+12,"0,04293671503","0,1143577199","0,03498346711","0,03509634867","598,08"
1.71258E+12,1.71266E+12,1.71259E+12,1.71266E+12,"0,08456421344","0,1192450761","0,0429331253","0,04293671503","3912,96"
1.71249E+12,1.71258E+12,1.71258E+12,1.71256E+12,"0,03224099967","0,08457587179","0,03076627327","0,08456421344","874,11"
1.7124E+12,1.71249E+12,1.71249E+12,1.71241E+12,"0,03004612775","0,03224146056","0,03004612775","0,03224099967","227,6"
1.71232E+12,1.7124E+12,1.71232E+12,1.71232E+12,"0,02995556865","0,03030594242","0,02995556865","0,03004612775","423,99"
1.71223E+12,1.71232E+12,1.71223E+12,1.71228E+12,"0,03068495724","0,03068495724","0,02995556865","0,02995556865","455,99"
1.71215E+12,1.71223E+12,1.71216E+12,1.71216E+12,"0,0305903108","0,03076556104","0,03048897239","0,03068495724","185,26"
1.71206E+12,1.71215E+12,1.71207E+12,1.71214E+12,"0,03550706171","0,04265329086","0,03059028959","0,0305903108","2207,29"
1.71197E+12,1.71206E+12,1.71202E+12,1.71204E+12,"0,03469241142","0,03553078391","0,03375189086","0,03550706171","29,86"
1.71189E+12,1.71197E+12,1.7119E+12,1.71193E+12,"0,03488097136","0,03488932337","0,0343046398","0,03469241142","1593,68"
1.7118E+12,1.71189E+12,1.71184E+12,1.7118E+12,"0,03031569768","0,05599180985","0,03030338572","0,03488097698","1249,79"
1.71171E+12,1.7118E+12,1.71178E+12,1.7118E+12,"0,03407886622","0,06493828845","0,03030775672","0,03031569768","238,61"
1.71163E+12,1.71171E+12,1.71163E+12,1.7117E+12,"0,03487071597","0,03487071597","0,03396977133","0,03407886622","2047,37"
1.71154E+12,1.71163E+12,1.71154E+12,1.71161E+12,"0,0372544153","0,0372544153","0,03263108287","0,03487071597","4524,78"
1.71145E+12,1.71154E+12,1.71145E+12,1.71152E+12,"0,04016289604","0,04016289604","0,0372544153","0,0372544153","3599,99"
1.71137E+12,1.71145E+12,1.71144E+12,1.71137E+12,"0,03354479908","0,04016289604","0,03354059126","0,04016289604","1051,63"
1.71128E+12,1.71137E+12,1.71136E+12,1.71135E+12,"0,03354671266","0,03355486041","0,03353777225","0,03354479908",0
1.7112E+12,1.71128E+12,1.71126E+12,1.71127E+12,"0,0367774796","0,03678456997","0,03353991589","0,03354671266",0
1.71111E+12,1.7112E+12,1.71111E+12,1.71119E+12,"0,03833410828","0,0383551928","0,03611702512","0,0367774796","2806,76"
1.71102E+12,1.71111E+12,1.7111E+12,1.71102E+12,"0,03657605544","0,03835347589","0,03657605544","0,03833253644",0
1.71094E+12,1.71102E+12,1.71095E+12,1.71095E+12,"0,03859639012","0,03862275158","0,03301300444","0,03657605544","1247,07"
1.71085E+12,1.71094E+12,1.71093E+12,1.71085E+12,"0,03710937816","0,03862263053","0,03710937816","0,03859506313",0
1.71076E+12,1.71085E+12,1.71079E+12,1.71084E+12,"0,04084551523","0,0410842511","0,03710937816","0,03710937816","4623,78"
1.71068E+12,1.71076E+12,1.71075E+12,1.7107E+12,"0,04061029553","0,04084551523","0,03947729347","0,04084551523","618,69"
1.71059E+12,1.71068E+12,1.71067E+12,1.71067E+12,"0,04111431847","0,04113794051","0,04007817051","0,04061029553",0
1.7105E+12,1.71059E+12,1.71057E+12,1.71058E+12,"0,04408080722","0,0444631616","0,04109508599","0,04111438238","327,81"
1.71042E+12,1.7105E+12,1.71045E+12,1.71048E+12,"0,04535594973","0,04536492765","0,04402692501","0,04408080722","665,96"
1.71033E+12,1.71042E+12,1.71036E+12,1.71042E+12,"0,04581694795","0,0498647487","0,0453559483","0,04535594975","3835,17"
1.71024E+12,1.71033E+12,1.71029E+12,1.71025E+12,"0,0428849679","0,0458211743","0,04288496303","0,04581694795","4310,92"
1.71016E+12,1.71024E+12,1.7102E+12,1.71024E+12,"0,04876425762","0,05036360603","0,04257022431","0,0428849679","11439,44"
1.71007E+12,1.71016E+12,1.71014E+12,1.71007E+12,"0,04727091237","0,04876425762","0,04727091237","0,04876425762","487,65"
1.70999E+12,1.71007E+12,1.71E+12,1.71006E+12,"0,0471389584","0,0476289551","0,04587564233","0,04727091237","5357,28"
1.7099E+12,1.70999E+12,1.70996E+12,1.7099E+12,"0,04370689314","0,0471389584","0,04370689314","0,0471389584","4449,31"
1.70981E+12,1.7099E+12,1.70987E+12,1.70982E+12,"0,04292565489","0,04370689314","0,04202894707","0,04370689314","1499,26"
1.70973E+12,1.70981E+12,1.70979E+12,1.70974E+12,"0,02890987686","0,04342823744","0,0258007812","0,04292565489","101421,88"
1.70964E+12,1.70973E+12,1.70971E+12,1.70964E+12,"0,02792420757","0,02890987686","0,02792420757","0,02890987686","363,14"
1.70955E+12,1.70964E+12,1.70963E+12,1.70957E+12,"0,02965154913","0,03004734323","0,02667852429","0,02792420757","13085,39"
1.70947E+12,1.70955E+12,1.70953E+12,1.70948E+12,"0,02780884276","0,02978331193","0,02774561828","0,02965154913","3897,49"
1.70938E+12,1.70947E+12,1.70946E+12,1.70941E+12,"0,02573697005","0,02832696214","0,02564245043","0,02780884384","5331,86"
1.70929E+12,1.70938E+12,1.70937E+12,1.70929E+12,"0,02489432681","0,02573697005","0,02489432681","0,02573697005","3009,48"
1.70921E+12,1.70929E+12,1.70922E+12,1.70929E+12,"0,02706431448","0,02804189509","0,02489432681","0,02489432681","6289,33"
1.70912E+12,1.70921E+12,1.70912E+12,1.70919E+12,"0,03805429472","0,03805429472","0,02687798396","0,02706431448","14002,79"
1.70904E+12,1.70912E+12,1.70908E+12,1.70904E+12,"0,03685386511","0,03903939074","0,03685386511","0,03805429472","1902,72"
1.70895E+12,1.70904E+12,1.70895E+12,1.709E+12,"0,03926416562","0,03926416628","0,03685386511","0,03685386511","2655,6"
1.70886E+12,1.70895E+12,1.70894E+12,1.70886E+12,"0,0363586236","0,03926416669","0,0363586236","0,03926416562","1543,91"
1.70878E+12,1.70886E+12,1.70883E+12,1.70879E+12,"0,03532411776","0,0363586236","0,03507750161","0,0363586236","2383,11"
1.70869E+12,1.70878E+12,1.7087E+12,1.70869E+12,"0,03509241298","0,03532411776","0,03509241298","0,03532411776","243,85"
1.7086E+12,1.70869E+12,1.70865E+12,1.70866E+12,"0,03539661455","0,03630541865","0,03509241298","0,03509241298","3178,02"
1.70852E+12,1.7086E+12,1.70857E+12,1.70855E+12,"0,03053064175","0,03746276032","0,03022838237","0,03539661455","16856,09"
1.70843E+12,1.70852E+12,1.70843E+12,1.70851E+12,"0,03341242627","0,03341242627","0,02938151623","0,03053064175","11674,66"
1.70834E+12,1.70843E+12,1.70838E+12,1.70843E+12,"0,03479251208","0,03503015508","0,03341242627","0,03341242627","2871,9"
1.70826E+12,1.70834E+12,1.70826E+12,1.70827E+12,"0,03560033475","0,03563359219","0,03319342778","0,03479251208","4648,85"
1.70817E+12,1.70826E+12,1.70819E+12,1.70825E+12,"0,03656803665","0,03813192513","0,03558105696","0,03560032132","6227,58"
1.70808E+12,1.70817E+12,1.7081E+12,1.70817E+12,"0,0465787522","0,04865591258","0,03656803665","0,03656803665",19751
1.708E+12,1.70808E+12,1.708E+12,1.70802E+12,"0,04841331089","0,0484576505","0,04535649212","0,0465787522","5018,42"
1.70791E+12,1.708E+12,1.70792E+12,1.70798E+12,"0,05645234893","0,05653513143","0,04831666266","0,04841331089","9556,41"
1.70783E+12,1.70791E+12,1.7079E+12,1.70785E+12,"0,05524365496","0,05645257602","0,0548860355","0,05645234896","2534,02"
1.70774E+12,1.70783E+12,1.70782E+12,1.70778E+12,"0,05320416508","0,05524365496","0,05134638626","0,05524365496","1959,51"
1.70765E+12,1.70774E+12,1.70771E+12,1.70765E+12,"0,05113116802","0,05352301282","0,05113106647","0,05320414278","2907,34"
1.70757E+12,1.70765E+12,1.70761E+12,1.70765E+12,"0,05179609043","0,05249264897","0,0510819738","0,0511312343","1080,5"
1.70748E+12,1.70757E+12,1.70749E+12,1.70755E+12,"0,0523693536","0,05284783466","0,05179609043","0,05179609043","1083,03"
1.70739E+12,1.70748E+12,1.70747E+12,1.70741E+12,"0,05105134547","0,05236978319","0,05088638118","0,05236881691","331,5"
1.70731E+12,1.70739E+12,1.70738E+12,1.70737E+12,"0,04867115848","0,05106752193","0,04801556039","0,05105129392","2018,68"
1.70722E+12,1.70731E+12,1.70729E+12,1.70729E+12,"0,04716081778","0,04867115848","0,04715922851","0,04867115848","551,6"
1.70713E+12,1.70722E+12,1.70719E+12,1.70715E+12,"0,04733070887","0,04817879745","0,04661592366","0,04716081781","2075,46"
1.70705E+12,1.70713E+12,1.70712E+12,1.70705E+12,"0,04696720206","0,04746699063","0,04696720206","0,04733070887","1855,18"
1.70696E+12,1.70705E+12,1.70697E+12,1.70703E+12,"0,04742628948","0,04767794882","0,04696720206","0,04696720206","1075,75"
1.70688E+12,1.70696E+12,1.70692E+12,1.7069E+12,"0,04714602898","0,04778045906","0,04691776544","0,04742628948","1485,72"
1.70679E+12,1.70688E+12,1.70679E+12,1.70683E+12,"0,04785309718","0,04814986465","0,04693530083","0,04714602898","2078,55"
1.7067E+12,1.70679E+12,1.70672E+12,1.70679E+12,"0,0536233894","0,05390923079","0,0467294623","0,04785309718","6904,97"
1.70662E+12,1.7067E+12,1.7067E+12,1.70667E+12,"0,0494200205","0,0536258477","0,04917036107","0,05362338728","4638,94"
1.70653E+12,1.70662E+12,1.70653E+12,1.70657E+12,"0,04951301785","0,04951301785","0,04854073596","0,0494200205","1815,51"
1.70644E+12,1.70653E+12,1.70649E+12,1.70652E+12,"0,04980342128","0,05053037371","0,04951301785","0,04951301785","2014,64"
1.70636E+12,1.70644E+12,1.7064E+12,1.70644E+12,"0,05098864363","0,05106143042","0,04980342128","0,04980342128","2326,88"
1.70627E+12,1.70636E+12,1.70629E+12,1.70632E+12,"0,0517745471","0,05205504887","0,04789519519","0,05098864363","8073,7"
1.70618E+12,1.70627E+12,1.70618E+12,1.70623E+12,"0,05200313982","0,05200313982","0,04910370134","0,0517745471","7953,42"
1.7061E+12,1.70618E+12,1.70613E+12,1.7061E+12,"0,05120475224","0,05234633964","0,05120470332","0,05200313982","609,08"
1.70601E+12,1.7061E+12,1.70602E+12,1.70606E+12,"0,05437191594","0,05756073357","0,05117144709","0,05120475224","4365,92"
1.70592E+12,1.70601E+12,1.70593E+12,1.706E+12,"0,05715111809","0,05905161427","0,05437037317","0,05437185857","8226,01"
1.70584E+12,1.70592E+12,1.70585E+12,1.7059E+12,"0,05846288442","0,05851816821","0,05427544107","0,05715111809","21299,57"
1.70575E+12,1.70584E+12,1.70575E+12,1.70583E+12,"0,0606265058","0,0606265058","0,05842259008","0,05846288787","949,4"
1.70567E+12,1.70575E+12,1.70574E+12,1.70573E+12,"0,06011903778","0,0606265058","0,05814170114","0,0606265058","5441,06"
1.70558E+12,1.70567E+12,1.70564E+12,1.70558E+12,"0,05981522774","0,06053860129","0,0598139428","0,06011903634","1568,76"
1.70549E+12,1.70558E+12,1.7055E+12,1.70554E+12,"0,06126153158","0,06126154618","0,05747077933","0,05981522774","8064,02"
1.70541E+12,1.70549E+12,1.70544E+12,1.70549E+12,"0,06250344988","0,06266909468","0,06126153158","0,06126153158","4080,28"
1.70532E+12,1.70541E+12,1.70536E+12,1.70532E+12,"0,05868743611","0,06355403407","0,05814878573","0,06250344988","6291,26"
1.70523E+12,1.70532E+12,1.70528E+12,1.70532E+12,"0,0720563775","0,07511618587","0,0586850615","0,05868743611","19943,57"
1.70515E+12,1.70523E+12,1.70523E+12,1.70515E+12,"0,05402059239","0,07492910599","0,05402058038","0,0720563775","27654,61"
1.70506E+12,1.70515E+12,1.70506E+12,1.70515E+12,"0,05872290831","0,05872297264","0,0539984128","0,05402058676","4176,84"
1.70497E+12,1.70506E+12,1.70497E+12,1.70499E+12,"0,05906002072","0,05906002072","0,05712326615","0,05872279794","12504,77"
1.70489E+12,1.70497E+12,1.70497E+12,1.70497E+12,"0,05990581393","0,06627531692","0,05906002072","0,05906002072","14736,8"
1.7048E+12,1.70489E+12,1.7048E+12,1.70487E+12,"0,07011904198","0,07026109908","0,05870130012","0,05990581393","14396,94"
1.70472E+12,1.7048E+12,1.70478E+12,1.70473E+12,"0,0719723333","0,07360754617","0,06787185466","0,07013356105","5041,96"
1.70463E+12,1.70472E+12,1.70463E+12,1.70471E+12,"0,07562822738","0,07649770533","0,07173671528","0,07197174299","10301,4"
1.70454E+12,1.70463E+12,1.70461E+12,1.70454E+12,"0,07029093328","0,07610897891","0,06999226471","0,07560932887","15700,71"
1.70446E+12,1.70454E+12,1.70446E+12,1.70452E+12,"0,07268793547","0,07327906196","0,0668441928","0,07026439393","12463,53"
1.70437E+12,1.70446E+12,1.70444E+12,1.70437E+12,"0,06939923579","0,07349160985","0,06929374183","0,07268795743","1854,91"
1.70428E+12,1.70437E+12,1.70429E+12,1.70434E+12,"0,07725513173","0,07798062546","0,06878930653","0,06939481333","7869,9"
1.7042E+12,1.70428E+12,1.70425E+12,1.70425E+12,"0,0743924399","0,08862233685","0,07303088745","0,07724556158","43355,22"
1.70411E+12,1.7042E+12,1.70417E+12,1.70411E+12,"0,07293181786","0,0762853763","0,07293181786","0,07436575561","8114,34"
1.70402E+12,1.70411E+12,1.70409E+12,1.70403E+12,"0,06864970782","0,08232449244","0,06843956545","0,07294082509","29679,34"
1.70394E+12,1.70402E+12,1.70396E+12,1.70395E+12,"0,06548374629","0,0699669563","0,06458162285","0,06865130678","18438,06"
1.70385E+12,1.70394E+12,1.7039E+12,1.70393E+12,"0,06651375659","0,06759473796","0,06482658253","0,065479545","364406,2"
1.70376E+12,1.70385E+12,1.70377E+12,1.70384E+12,"0,06889674289","0,07049209713","0,06642951478","0,06650696186","345490,56"
1.70368E+12,1.70376E+12,1.70374E+12,1.70369E+12,"0,06594150966","0,06973926641","0,06487232632","0,06892045309","390774,96"
1.70359E+12,1.70368E+12,1.70364E+12,1.70363E+12,"0,06564228974","0,06895661915","0,06409040074","0,06593777051","356852,22"
1.70351E+12,1.70359E+12,1.70358E+12,1.70352E+12,"0,06178209044","0,06609302742","0,05618844603","0,06563753619","350890,34"
1.70342E+12,1.70351E+12,1.70342E+12,1.70349E+12,"0,06546190821","0,0654679007","0,05881827124","0,06180351287","303053,86"
1.70333E+12,1.70342E+12,1.70334E+12,1.70341E+12,"0,0680277772","0,06878047367","0,06501269816","0,06547664977","324577,79"
1.70325E+12,1.70333E+12,1.70331E+12,1.70326E+12,"0,06471282962","0,06923213218","0,0644562057","0,06803327563","352382,98"
1.70316E+12,1.70325E+12,1.70316E+12,1.70323E+12,"0,07793369492","0,07819391775","0,0644446171","0,06470257907","350925,02"
1.70307E+12,1.70316E+12,1.70313E+12,1.70307E+12,"0,07400697695","0,08195838309","0,07400697695","0,07787223898","386536,62"
1.70299E+12,1.70307E+12,1.70307E+12,1.70299E+12,"0,06263875003","0,07402003481","0,06248259673","0,07401036548","354668,61"
1.7029E+12,1.70299E+12,1.7029E+12,1.70294E+12,"0,06592504303","0,06598876036","0,06095439304","0,06265021502","385340,19"
1.70281E+12,1.7029E+12,1.70282E+12,1.7029E+12,"0,06864335","0,07425920284","0,065856096","0,06592113027","409874,12"
1.70273E+12,1.70281E+12,1.7028E+12,1.7028E+12,"0,06836068215","0,07315408275","0,06549899471","0,06860893069","403316,7"
1.70264E+12,1.70273E+12,1.70264E+12,1.70273E+12,"0,07499595365","0,07500795249","0,0679812307","0,06836758857","369731,07"
1.70256E+12,1.70264E+12,1.70256E+12,1.70264E+12,"0,08535910859","0,08556315229","0,07491165821","0,07498228396","370515,77"
1.70247E+12,1.70256E+12,1.70247E+12,1.70255E+12,"0,09868457481","0,1021564802","0,0852499593","0,08536311343","383618,34"
1.70238E+12,1.70247E+12,1.70247E+12,1.70238E+12,"0,07230911714","0,1003849397","0,07230911714","0,1003694779","346644,35"
1.7023E+12,1.70238E+12,1.7023E+12,1.70237E+12,"0,1146564137","0,1151837645","0,06807347114","0,07231559089","334436,7"
1.70221E+12,1.7023E+12,1.7023E+12,1.70221E+12,"0,05300483736","0,1146512273","0,05300483736","0,1146512273","417471,59"
1.70212E+12,1.70221E+12,1.70221E+12,1.70214E+12,"0,04928509023","0,05338240992","0,04920391213","0,05300382201","355688,49"
1.70204E+12,1.70212E+12,1.70209E+12,1.70204E+12,"0,04461625829","0,05042574332","0,04444072134","0,04928611413","403922,94"
1.70195E+12,1.70204E+12,1.70203E+12,1.70195E+12,"0,04370232939","0,04631202757","0,04370232939","0,04461506215","386326,91"
1.70186E+12,1.70195E+12,1.70187E+12,1.70195E+12,"0,04730428727","0,04761812972","0,04356404764","0,04370716062","358374,24"
1.70178E+12,1.70186E+12,1.70186E+12,1.70182E+12,"0,04396912911","0,04731676013","0,04157592812","0,04731676013","340994,78"
1.70169E+12,1.70178E+12,1.70171E+12,1.70175E+12,"0,04425232656","0,04757770232","0,04359250158","0,04396384281","295223,29"
1.7016E+12,1.70169E+12,1.70161E+12,1.70169E+12,"0,04502227531","0,04682000162","0,04408253289","0,04421775384","311040,3"
1.70152E+12,1.7016E+12,1.70153E+12,1.7016E+12,"0,04776125475","0,04856513783","0,04373198827","0,04501904721","334842,66"
1.70143E+12,1.70152E+12,1.70146E+12,1.70151E+12,"0,04940804178","0,05166475019","0,04629450551","0,047762785","324092,69"
1.70135E+12,1.70143E+12,1.70135E+12,1.70142E+12,"0,052722172","0,052722172","0,04722810231","0,04941086233","302627,88"
1.70126E+12,1.70135E+12,1.70128E+12,1.70133E+12,"0,05315598136","0,05870989136","0,05208836309","0,05271728863","333514,72"
1.70117E+12,1.70126E+12,1.70124E+12,1.70119E+12,"0,05182401476","0,05381818084","0,05141161125","0,05317619633","305816,84"
1.70109E+12,1.70117E+12,1.70109E+12,1.70116E+12,"0,05307303097","0,05313040016","0,05092932736","0,05182651225","333863,22"
1.701E+12,1.70109E+12,1.70103E+12,1.70108E+12,"0,05466195561","0,05504779065","0,05303428563","0,05306430642","311635,14"
1.70091E+12,1.701E+12,1.70094E+12,1.70098E+12,"0,05608756241","0,05654751257","0,05377509104","0,0546595649","292230,97"
1.70083E+12,1.70091E+12,1.70083E+12,1.70087E+12,"0,06075444687","0,0611132616","0,05534199209","0,05609449248","266322,02"
1.70074E+12,1.70083E+12,1.70078E+12,1.7008E+12,"0,06591568742","0,06607716859","0,05889916215","0,06074651054","279102,03"
1.70065E+12,1.70074E+12,1.70074E+12,1.70065E+12,"0,05868049615","0,06599895556","0,05852702346","0,06591838817","302082,09"
1.70057E+12,1.70065E+12,1.70057E+12,1.70065E+12,"0,06339653594","0,06401670264","0,05871501127","0,05871501127","257411,4"
1.70048E+12,1.70057E+12,1.70048E+12,1.70049E+12,"0,06157862112","0,1479053711","0,05930980251","0,06339392228","15975,87"
1.7004E+12,1.70048E+12,1.70043E+12,1.7004E+12,"0,06020807787","0,06311306541","0,05959221992","0,06159115178","8168,73"
1.70031E+12,1.7004E+12,1.70031E+12,1.70033E+12,"0,06404962555","0,06419610519","0,05931433539","0,06021284192","8456,09"
1.70022E+12,1.70031E+12,1.70025E+12,1.70024E+12,"0,06330540267","0,06459572194","0,0586999201","0,06399170988","15440,91"
1.70014E+12,1.70022E+12,1.70014E+12,1.70021E+12,"0,06829488231","0,06893749588","0,06267869489","0,06334177766","3980,18"
1.70005E+12,1.70014E+12,1.70014E+12,1.70006E+12,"0,06191794386","0,06831808567","0,05740183658","0,06831808567","20462,1"
1.69996E+12,1.70005E+12,1.7E+12,1.69997E+12,"0,06174867263","0,06942009677","0,06103508832","0,06190240313","13436,72"
1.69988E+12,1.69996E+12,1.69988E+12,1.69993E+12,"0,07102819353","0,07232298517","0,05930609189","0,06178017695","26900,36"
1.69979E+12,1.69988E+12,1.69985E+12,1.69986E+12,"0,06875003564","0,07113321027","0,06572217711","0,07101372106","15010,23"
1.6997E+12,1.69979E+12,1.69972E+12,1.69978E+12,"0,08649935153","0,0869046106","0,05531966265","0,06874060118","99416,19"
1.69962E+12,1.6997E+12,1.69962E+12,1.6997E+12,"0,1110462233","0,1112960968","0,0861182606","0,08650721277","26832,51"
1.69953E+12,1.69962E+12,1.69953E+12,1.6996E+12,"0,133027821","0,1333142159","0,105601555","0,1111067472","11979,38"
1.69944E+12,1.69953E+12,1.6995E+12,1.69945E+12,"0,1295804846","0,1363804099","0,1290008716","0,1330303656","6846,43"
1.69936E+12,1.69944E+12,1.6994E+12,1.69943E+12,"0,133027821","0,1392467395","0,1199683837","0,1278213609","42757,89"
1.69927E+12,1.69936E+12,1.69933E+12,1.69927E+12,"0,1277971818","0,1363804099","0,1276202177","0,1330303656","6846,43"
1.69919E+12,1.69927E+12,1.69921E+12,1.69926E+12,"0,135779743","0,1393986706","0,1199683837","0,1278213609","42757,89"
1.6991E+12,1.69919E+12,1.69917E+12,1.69917E+12,"0,1373725816","0,1396698819","0,1345904322","0,1357748006","10991,89"
1.69901E+12,1.6991E+12,1.69901E+12,1.69905E+12,"0,1441648822","0,1443398686","0,1301261618","0,1373425226","209588,27"
1.69893E+12,1.69901E+12,1.69894E+12,1.69901E+12,"0,1653997839","0,1696829219","0,1438610183","0,1441862358","277897,58"
1.69884E+12,1.69893E+12,1.69885E+12,1.69884E+12,"0,1502549671","0,1831234703","0,1500733027","0,165395467","288221,32"
1.69875E+12,1.69884E+12,1.69884E+12,1.69879E+12,"0,1328834954","0,1503113679","0,1306913436","0,1502265073","273280,17"
1.69858E+12,1.69867E+12,1.69865E+12,1.69859E+12,"0,1148568947","0,1212187975","0,1142570305","0,1177733845","271911,83"
1.69849E+12,1.69858E+12,1.69855E+12,1.69849E+12,"0,08157125765","0,1302189262","0,08152163169","0,1148541604","291098,89"
1.69841E+12,1.69849E+12,1.69841E+12,1.69849E+12,"0,1120371121","0,1120621075","0,08013482683","0,08157049346","321761,33"
1.69832E+12,1.69841E+12,1.69835E+12,1.69834E+12,"0,1130808524","0,1165956863","0,1117598418","0,1120234508","258723,57"
1.69824E+12,1.69832E+12,1.69824E+12,1.69829E+12,"0,1492476234","0,1508927884","0,09366825908","0,1130802627","331583,14"
1.69815E+12,1.69824E+12,1.69816E+12,1.69822E+12,"0,1683077722","0,1776162378","0,1457541636","0,1491713713","34347,78"
1.69806E+12,1.69815E+12,1.69808E+12,1.69811E+12,"0,1716580538","0,1847245679","0,1567077769","0,1683077718","230713,2"
1.69798E+12,1.69806E+12,1.69806E+12,1.69799E+12,"0,1443543032","0,1713962835","0,1430089479","0,1713471522","193979,36"
1.69789E+12,1.69798E+12,1.69789E+12,1.69791E+12,"0,1747976843","0,1747976845","0,128151666","0,1443613445","220657,93"
1.6978E+12,1.69789E+12,1.69783E+12,1.69783E+12,"0,1757557676","0,1926233123","0,1614380031","0,1751245798","256847,44"
1.69772E+12,1.6978E+12,1.6978E+12,1.69772E+12,"0,1515495145","0,1757584627","0,1473137342","0,1757389529","203480,57"
1.69754E+12,1.69763E+12,1.69762E+12,1.69757E+12,"0,1176054077","0,1328316125","0,1137050588","0,1325207888","241327,43"
1.69746E+12,1.69754E+12,1.69754E+12,1.69747E+12,"0,09878631617","0,126190589","0,0947399234","0,1176054077","233205,87"
1.69737E+12,1.69746E+12,1.69744E+12,1.69739E+12,"0,07928471054","0,11289067","0,07245161779","0,09876417263","257906,92"
1.69728E+12,1.69737E+12,1.69737E+12,1.69728E+12,"0,07030853986","0,07932969742","0,07029423219","0,07928180629","184204,49"
1.6972E+12,1.69728E+12,1.69723E+12,1.6972E+12,"0,06679679421","0,07773709653","0,0667854228","0,07031256368","188488,49"
1.69711E+12,1.6972E+12,1.6972E+12,1.69717E+12,"0,06065486837","0,06679274934","0,05728460344","0,06678713127","178736,59"
1.69703E+12,1.69711E+12,1.6971E+12,1.69706E+12,"0,04252858411","0,07520933567","0,04209389798","0,06064962372","192144,79"
1.69694E+12,1.69703E+12,1.69695E+12,1.69701E+12,"0,04866509348","0,04917163134","0,04004942565","0,04252944258","243859,39"
1.69685E+12,1.69694E+12,1.69687E+12,1.6969E+12,"0,05775446451","0,0578757192","0,04746704147","0,04862149326","275416,3"
1.69677E+12,1.69685E+12,1.69682E+12,1.69681E+12,"0,05736713451","0,06090062816","0,05702081263","0,05775290408","291233,48"
1.69668E+12,1.69677E+12,1.69669E+12,1.69673E+12,"0,05823139196","0,05846607358","0,05566391552","0,05735522722","341489,08"
1.69659E+12,1.69668E+12,1.69666E+12,1.69662E+12,"0,05626647026","0,05876639616","0,05580589191","0,05822970763","673182,29"
1.69651E+12,1.69659E+12,1.69656E+12,1.69652E+12,"0,05593841071","0,05835900246","0,0529498072","0,05626703557","570420,78"
1.69642E+12,1.69651E+12,1.69642E+12,1.69646E+12,"0,0665041099","0,06800786896","0,05014820372","0,05593013019","584876,84"
1.69633E+12,1.69642E+12,1.69635E+12,1.6964E+12,"0,06809482995","0,07512374621","0,06175471359","0,06649758644","638618,78"
1.69625E+12,1.69633E+12,1.6963E+12,1.69629E+12,"0,07162312138","0,0718257726","0,06488593553","0,06810331933","557343,51"
1.69616E+12,1.69625E+12,1.69624E+12,1.69617E+12,"0,07128555228","0,07689922093","0,06421398551","0,07162604804","595946,93"
1.69608E+12,1.69616E+12,1.69608E+12,1.69613E+12,"0,08281943175","0,08591954495","0,06625886357","0,07129279251","496155,47"
1.69599E+12,1.69608E+12,1.69604E+12,1.696E+12,"0,0692284937","0,09231589524","0,06742777586","0,08317222185","636096,26"
1.6959E+12,1.69599E+12,1.69598E+12,1.69594E+12,"0,07339947362","0,08031308423","0,05306320645","0,06923435007","686623,52"
